-- phpMyAdmin SQL Dump
-- version 5.2.1
-- https://www.phpmyadmin.net/
--
-- Host: 127.0.0.1
-- Generation Time: May 07, 2025 at 10:07 AM
-- Server version: 10.4.32-MariaDB
-- PHP Version: 8.2.12

SET SQL_MODE = "NO_AUTO_VALUE_ON_ZERO";
START TRANSACTION;
SET time_zone = "+00:00";


/*!40101 SET @OLD_CHARACTER_SET_CLIENT=@@CHARACTER_SET_CLIENT */;
/*!40101 SET @OLD_CHARACTER_SET_RESULTS=@@CHARACTER_SET_RESULTS */;
/*!40101 SET @OLD_COLLATION_CONNECTION=@@COLLATION_CONNECTION */;
/*!40101 SET NAMES utf8mb4 */;

--
-- Database: `phrae`
--

-- --------------------------------------------------------

--
-- Table structure for table `accommodation`
--

CREATE TABLE `accommodation` (
  `accommodation_id` int(11) NOT NULL,
  `name` varchar(255) DEFAULT NULL,
  `description` text DEFAULT NULL,
  `main_image` text DEFAULT NULL,
  `subtopic` varchar(50) NOT NULL,
  `location` varchar(255) DEFAULT NULL,
  `phone` char(13) NOT NULL,
  `price` varchar(255) NOT NULL,
  `website` varchar(255) NOT NULL,
  `coordinates` varchar(255) NOT NULL,
  `map` text NOT NULL,
  `page` varchar(255) NOT NULL,
  `category` varchar(255) NOT NULL
) ENGINE=InnoDB DEFAULT CHARSET=utf8 COLLATE=utf8_general_ci;

--
-- Dumping data for table `accommodation`
--

INSERT INTO `accommodation` (`accommodation_id`, `name`, `description`, `main_image`, `subtopic`, `location`, `phone`, `price`, `website`, `coordinates`, `map`, `page`, `category`) VALUES
(1, 'บ้าน ไอ อินสปาย Baan I Inspire', 'บ้านพักสไตล์โมเดิร์น บรรยากาศน่ารักเป็นกันเองเหมือนอยู่บ้าน ราคาหลักร้อยแต่การบริการระดับ 5 ดาว เพราะเจ้าบ้านมีประสบการณ์ทำงานในโรงแรม 5 ดาวมากว่า 20 ปี และอยากกลับมาเปิดที่พักดีๆ ในจังหวัดบ้านเกิดของตัวเอง มีห้องพักให้บริการทั้งหมด 22 ห้อง แบ่งออกเป็นหลายรูปแบบ ห้องขนาดเล็ก ห้องขนาดกลาง และห้องขนาดใหญ่กว้างถึง 40 ตารางเมตร ตกแต่งอย่างเรียบง่ายแต่หรูหราสะอาดตา มาพร้อมสิ่งอำนวยความสะดวกครบครัน', '1745151616_baaniinspire.jpg', 'ข้อมูลติดต่อ', ' 60/1 ถนนราษฎร์อุทิศ ตำบลในเวียง อำเภอเมืองแพร่ จังหวัดแพร่ 54000', '091-068-0905', 'เริ่มต้น 901 บาท', 'https://web.facebook.com/baaniinspire/?locale=th_TH&_rdc=1&_rdr', 'https://maps.app.goo.gl/JoMBBtoHGkgfvEvC7', 'https://www.google.com/maps/embed?pb=!1m18!1m12!1m3!1d3791.5836436167815!2d100.15204437518243!3d18.13700848288374!2m3!1f0!2f0!3f0!3m2!1i1024!2i768!4f13.1!3m3!1m2!1s0x30d8c216669153a3%3A0x292c33a022a047e2!2sBaan%20I%20Inspire!5e0!3m2!1sth!2sth!4v1745151202507!5m2!1sth!2sth', 'baan-i-inspire', 'accommodation'),
(2, 'โรงแรมนีดอะแนป Need A Nap Hostel Phrae', 'เอาใจสายมินิมอลและนักเดินทางกับที่พักน่ารักดีไซน์สวย ทำเลดีติดถนนอยู่ใจกลางเมืองใกล้ถนนคนเดิน ใกล้ประตูชัย ราคาเริ่มต้นหลักร้อยแต่ห้องกว้างคุ้มค่าเกินราคา ใครมาพักต้องติดใจกับการบริการที่น่ารักเป็นกันเอง เปิดให้บริการห้องพักหลายรูปแบบ อาทิ ห้องมาตรฐาน เตียงใหญ่สำหรับ 2 คน ห้องพักสำหรับครอบครัว 3-4 คนห้องน้ำในตัว และห้องดอมมิทอรี่ 6 คน ตกแต่งเรียบง่ายสไตล์ญี่ปุ่น มีบริการอาหารเช้า และร้านกาแฟบริเวณชั้นล่าง', '1745153105_needanap.jpg', 'ข้อมูลติดต่อ', '118 ถ.เจริญเมือง ต.ในเวียง อ.เมือง จ.แพร่ 54000', '080-236-3642', ' เริ่มต้น 664 บาท', 'https://web.facebook.com/NeedANapPhrae/?locale=th_TH&_rdc=1&_rdr', 'https://maps.app.goo.gl/FPeSNwJ63fwA6sCX6', 'https://www.google.com/maps/embed?pb=!1m14!1m8!1m3!1d3791.4880349525347!2d100.1403801!3d18.1414186!3m2!1i1024!2i768!4f13.1!3m3!1m2!1s0x30d8c3eef28dbbbb%3A0x2104d70181f1759f!2zTmVlZCBBIE5hcCBIb3N0ZWwgUGhyYWUgKOC4meC4teC4lC3guK3guLAt4LmB4LiZ4LibKQ!5e0!3m2!1sth!2sth!4v1745153050311!5m2!1sth!2sth', 'need-a-nap', 'accommodation'),
(3, 'ฮัก อินน์ แพร่ Hug Inn Phrae Hotel Phrae', 'ที่พักขนาดเล็กใจกลางเมือง ตกแต่งด้วยสไตล์ลอฟท์วินเทจ เน้นโทนสีขาวดำ ใช้อิฐสีส้มในการตกแต่ง มีความดิบเท่ห์ มีมุมชิคถ่ายรูปหลายมุม เปิดให้บริการห้องพักบนตัวอาคาร 2 ชั้น จำนวน 12 ห้องหลากหลายรูปแบบ เช่น ห้องพักสไตล์ลอฟท์ ห้องพักสีขาวสำหรับ 3 คน และห้องพักสองชั้นสำหรับครอบครัวตกแต่งเรียบง่าย พักได้สูงสุดถึง 6 คน มีบริการอาหารเช้าเป็นเซตอาหารเช้าง่ายๆ ทั้งโจ๊ก ไข่กระทะ ข้าวเหนียวหมู และมีกิจกรรมปั่นจักรยานชมเมืองในช่วงวันหยุดอีกด้วย', '1745153278_huginn.jpg', 'ข้อมูลติดต่อ', '6, 1 Tesaban Rd 2, ตำบล ในเวียง อำเภอเมืองแพร่ แพร่ 54000', '062-572-0077', 'เริ่มต้น 722 บาท', 'https://web.facebook.com/huginnphrae/?locale=th_TH&_rdc=1&_rdr', 'https://maps.app.goo.gl/GFBBMaNsM1uNGkok8', 'https://www.google.com/maps/embed?pb=!1m18!1m12!1m3!1d3791.378312089746!2d100.14113757518267!3d18.14647848287605!2m3!1f0!2f0!3f0!3m2!1i1024!2i768!4f13.1!3m3!1m2!1s0x30d8c26df530127d%3A0x3ccb517b39d25436!2zSHVnIElubiBQaHJhZSBIb3RlbCDguK7guLHguIEg4Lit4Li04LiZ4LiZ4LmMIOC5geC4nuC4o-C5iA!5e0!3m2!1sth!2sth!4v1745153226052!5m2!1sth!2sth', 'hug-inn', 'accommodation'),
(4, 'โรงแรมเฮือนนานาบูติค Huern na na Boutique Hotel Phrae', 'ใครกำลังมองหาที่พักเงียบสงบ บรรยากาศดี เฮือนนานา เป็นที่พักที่ตอบโจทย์การพักผ่อนอย่างแท้จริง ที่พักขนาดใหญ่ตกแต่งด้วยสไตล์บูติกมีกลิ่นอายล้านนา เปิดให้บริการห้องพักบนอาคาร 3 ชั้นจำนวน 28 ห้อง อาทิ ห้องดีลักซ์ เตียงใหญ่ ห้องสูท และไฮไลท์ คือ ห้องจูเนียร์ สวีท พร้อมอ่างอาบน้ำแบบส่วนตัว พื้นที่ส่วนกลางมีบริการมากมายไม่ว่าจะเป็น ร้านอาหาร สระว่ายน้ำกลางแจ้ง ห้องประชุมสัมมนาพร้อมคาราโอเกะ รวมถึงสปาอีกด้วย', '1745153578_huernnanaboutique.jpg', 'ข้อมูลติดต่อ', ' 7/9 ถนนศศิบุตร ต.ในเวียง อ.เมือง แพร่ 54000', '054-524-800', ' เริ่มต้น 1,038 บาท', 'https://web.facebook.com/Huernnanaboutiquehotelphrae/?locale=th_TH&_rdc=1&_rdr', 'https://maps.app.goo.gl/VyJ5nbnuhZKFTNpH7', 'https://www.google.com/maps/embed?pb=!1m18!1m12!1m3!1d3791.6516360344954!2d100.13968517518231!3d18.133871582886307!2m3!1f0!2f0!3f0!3m2!1i1024!2i768!4f13.1!3m3!1m2!1s0x30d8bf0000000001%3A0xc3d09cc6cbc0d55!2z4LmC4Lij4LiH4LmB4Lij4Lih4LmA4Liu4Li34Lit4LiZ4LiZ4Liy4LiZ4Liy4Lia4Li54LiV4Li04LiE!5e0!3m2!1sth!2sth!4v1745153522775!5m2!1sth!2sth', 'huern-na-na-boutique', 'accommodation'),
(5, 'โรงแรมเฮือนฮิมกอง Huen Him Kong Hotel Phrae', 'บ้านไม้ผสมปูนบรรยากาศอบอุ่นใกล้จวนผู้ว่า บรรยากาศดีเงียบสงบเหมือนไม่ได้อยู่ในตัวเมือง ตอบโจทย์คนชอบเดินเที่ยวเล่นชมวิถีชีวิตคนเมืองแพร่ มีพื้นที่กว้างสะอาด มีห้องพักให้เลือกหลายรูปแบบ อาทิ ห้องพักเตียงแฝดพร้อมระเบียง ห้องสุพีเรียร์เตียงคิงไซส์ และห้องเตียงเดี่ยวพร้อมระเบียง แต่ละห้องมีพื้นที่กว้างตกแต่งเรียบง่าย โล่งโปร่งสบายตา มีบริการอาหารเช้าและบริการจักรยานให้ปั่นเที่ยวรอบเมือง', '1745153756_huenhimkong.jpg', 'ข้อมูลติดต่อ', '16/1 ถ.คำลือ ต.ในเวียง อ.เมือง แพร่ 54000', '093-218-5533', ' เริ่มต้น 923 บาท', 'https://web.facebook.com/p/%E0%B9%82%E0%B8%A3%E0%B8%87%E0%B9%81%E0%B8%A3%E0%B8%A1%E0%B9%80%E0%B8%AE%E0%B8%B7%E0%B8%AD%E0%B8%99%E0%B8%AE%E0%B8%B4%E0%B8%A1%E0%B8%81%E0%B8%AD%E0%B8%87-%E0%B9%81%E0%B8%9E%E0%B8%A3%E0%B9%88-Huen-Him-Kong-Hotel-Phrae-10006365316', 'https://maps.app.goo.gl/nKWqDPTyP8X2YDrN9', 'https://www.google.com/maps/embed?pb=!1m18!1m12!1m3!1d3791.418655876013!2d100.13529947518258!3d18.14461818287745!2m3!1f0!2f0!3f0!3m2!1i1024!2i768!4f13.1!3m3!1m2!1s0x30d8c399ea0d5875%3A0xcaa22f92776bb63c!2z4LmC4Lij4LiH4LmB4Lij4LihIOC5gOC4ruC4t-C4reC4meC4ruC4tOC4oeC4geC4reC4hw!5e0!3m2!1sth!2sth!4v1745153720688!5m2!1sth!2sth', 'huenhimkong', 'accommodation'),
(6, 'โรงแรมแพร่ นครา Phrae Nakara Hotel', 'แพร่ นครา โรงแรมขนาดใหญ่สไตล์ไทยล้านนา ทำเลดีตั้งอยู่ใจกลางเมือง ใกล้แหล่งท่องเที่ยวและจุดเช็คอินยอดฮิต สามารเดินไปถนนคนเดินได้โดยใช้เวลาไม่ถึง 10 นาที เปิดให้บริการห้องพักบนอาคาร 9 ชั้น ทั้งหมด 139 ห้อง หลายรูปแบบ อาทิ สุพีเรีย เตียงเดี่ยวและเตียงคู่ ห้องพักสไตล์บูทิก และห้องสวีทสำหรับครอบครัว จุดเด่นอยู่ที่ห้องพักกว้าง มีชุดโซฟาและอ่างอาบน้ำ พื้นที่ส่วนกลางยังมีบริการมากมาย ห้องอาหาร ร้านกาแฟ บาร์ และห้องจัดประชุมสัมมนา', '1745153919_phraenakara.jpg', 'ข้อมูลติดต่อ', ' เลขที่ 3, ถนน เหมืองหิต ตำบลในเวียง อำเภอเมือง จังหวัดแพร่ 54000', ' 054-521-321', ' เริ่มต้น 648 บาท', 'https://www.phraenakarahotel.com/wp/', 'https://maps.app.goo.gl/WNBvRdRAevhD6mZk6', 'https://www.google.com/maps/embed?pb=!1m18!1m12!1m3!1d3791.598517997048!2d100.14154167518242!3d18.136322282884297!2m3!1f0!2f0!3f0!3m2!1i1024!2i768!4f13.1!3m3!1m2!1s0x30d8c269e4b9a9c9%3A0xace29d9a34a73f3c!2z4LmC4Lij4LiH4LmB4Lij4Lih4LmB4Lie4Lij4LmI4LiZ4LiE4Lij4Liy!5e0!3m2!1sth!2sth!4v1745153872379!5m2!1sth!2sth', 'phrae-nakara', 'accommodation'),
(7, 'Suanglangna Homestay (สวนกลางนา)', 'พาไปพักผ่อนใกล้ชิดธรรมชาติ กลางทุ่งนาในราคาหลักร้อยที่ สวนกลางนา โฮมสเตย์ ตั้งอยู่ห่างจากตัวเมืองแพร่เพียง 20 นาที แต่จะได้สัมผัสไอดินกลิ่นธรรมชาติและการต้อนรับที่อบอุ่นเหมือนมาพักบ้านญาติ เปิดให้บริการห้องพักหลากหลายรูปแบบสไตล์คันทรี่บ้านนา เน้นการตกแต่งด้วยอิฐสีส้ม ไม่ว่าจะเป็นห้องพักวิวสวน ห้องพักวิวภูเขาและห้องพักสำหรับครอบครัว มีมุมนั่งเล่นชิลๆ ชมวิวสวนและภูเขา จิบชากาแฟ รวมถึงแหล่งเรียนรู้ทางการเกษตร เช่น บ่อปลา ฟาร์มห่าน', '1745154194_suanglangna.jpg', 'ข้อมูลติดต่อ', '9/2 หมู่ 9 ต.สวนเขื่อน อ.เมือง จ.แพร่ 54000', '093-695-4624', ' เริ่มต้น 837 บาท', 'https://web.facebook.com/suanglangna/?_rdc=1&_rdr', 'https://maps.app.goo.gl/ya9x3oYEqQFeRMWX6', 'https://www.google.com/maps/embed?pb=!1m18!1m12!1m3!1d3791.5773074251597!2d100.21805377518243!3d18.137300782883408!2m3!1f0!2f0!3f0!3m2!1i1024!2i768!4f13.1!3m3!1m2!1s0x30d8c1d30157e813%3A0x866b9977d8bd7a53!2zU3VhbkdsYW5nTmEg4Liq4Lin4LiZ4LiB4Lil4Liy4LiH4LiZ4Liy!5e0!3m2!1sth!2sth!4v1745154143767!5m2!1sth!2sth', 'suanglangna', 'accommodation'),
(8, 'โรงแรมเฮือนขันทองแพร่ Huern Kan Thong Hotel Phrae', 'โรงแรมเฮือนขันทอง (Huern Kan Thong Hotel) เป็นโรงแรมที่มีการตกแต่งสไตล์ยูโรเปียน ได้เปิดให้บริการอย่างเป็นทางการ เมื่อวันที่ 19 ตุลาคม พ.ศ.2563 ได้เปิดให้บริการห้องพักทั้งแบบรายวันและรายเดือน ห้องพักของโรงแรมฯ มีห้องพักประเภทเดียว เป็นห้องพักขนาดมาตรฐาน (standard room) มีห้องพักทั้งหมด 38 ห้อง - มีห้องพักเตียงเดี่ยว (Double bed) จำนวน 26 ห้อง - มีห้องพักเตียงคู่ (Twin bed) จำนวน 12 ห้อง - เตียงเสริม (Extra bed) จำนวน 3 เตียง บาร์และสระว่ายน้ำของโรงแรมฯ เปิดให้บริการทั้งแขกที่พักกับทางโรงแรมเฮือนขันทอง และ บุคคลภายนอกสามารถให้เข้ามาใช้บริการได้ โดยสระว่ายน้ำของโรงแรมเป็นระบบเกลือ เวลาเปิดให้บริการ - สำหรับแขกภายในโรงแรมคือ 06:30 น. - 21:00 น. - สำหรับบุคคลทั่วไปคือ 11:30 น. - 16:00 น. สถานที่ตั้ง 346/2 ถ.เจริญเมือง ต.ในเวียง อ.เมือง จ.แพร่ 54000 โทร: 054-521-985, 088-2981209 เวลาทำการ - เวลาทำการ (Reservation) 06:00 น.- 00:00 น. ทุกวันไม่มีวันหยุด', '1745154460_huernkanthong.jpg', 'ข้อมูลติดต่อ', ' 346/2 ซ. เจริญเมือง ในเวียง เมือง แพร่ 54000', '088-298-1209', ' เริ่มต้น 890 บาท', 'https://web.facebook.com/huernkanthongofficial/?locale=th_TH&_rdc=1&_rdr', 'https://maps.app.goo.gl/rb58UCgRF5sXDknB9', 'https://www.google.com/maps/embed?pb=!1m18!1m12!1m3!1d3791.544005571847!2d100.1432130751825!3d18.138836982882246!2m3!1f0!2f0!3f0!3m2!1i1024!2i768!4f13.1!3m3!1m2!1s0x30d8c3738cc7999d%3A0x43cab8fbdf73b3a2!2zSHVlcm4gS2FuIFRob25nIEhvdGVsICjguYLguKPguIfguYHguKPguKHguYDguK7guLfguK3guJnguILguLHguJnguJfguK3guIcp!5e0!3m2!1sth!2sth!4v1745154309918!5m2!1sth!2sth', 'huernkanthong', 'accommodation'),
(9, 'เฮือนนานา จอมสวรรค์ Na Na Jomsawan Hotel Phrae', 'เฮือนนานา จอมสวรรค์ ที่พักสวยราคาเริ่มต้นหลักร้อย คุ้มค่าเกินราคา ใกล้สนามบิน ตกแต่งสไตล์โมเดิร์นลอฟท์ผสมผสานกับงานไม้ บรรยากาศสบายไม่อึดอัดเกินไป เปิดให้บริการห้องพักบนอาคาร 3 ชั้นทั้งหมด 36 ห้อง ทั้งห้องเตียงแฝด เตียงคู่ และห้องพักสำหรับ 3 คน ตกแต่งเรียบง่ายสบายตา มาพร้อมสิ่งอำนวยความสะดวกอย่างครบครัน เหมาะสำหรับผู้มาติดต่องาน มาเป็นหมู่คณะหรือท่องเที่ยว มีบริการอาหารเช้า และสระว่ายน้ำกลางแจ้ง', '1745154741_nanajomsawan.jpg', 'ข้อมูลติดต่อ', ' 225/4 ยันตระกิจโกศล ต.ในเวียง อ.เมือง จ.แพร่ 54000', ' 092-705-3024', ' 750 บาท / ไม่รวมอาหารเช้า 650 บาท', 'https://web.facebook.com/huernnanajomsawanofficial/?locale=ms_MY&_rdc=1&_rdr', 'https://maps.app.goo.gl/s9bg4K2ftTGE33y88', 'https://www.google.com/maps/embed?pb=!1m18!1m12!1m3!1d3791.2600401101586!2d100.14937097518279!3d18.151931082871574!2m3!1f0!2f0!3f0!3m2!1i1024!2i768!4f13.1!3m3!1m2!1s0x30d8c20c0b43484d%3A0x6940beb696910a25!2z4LmC4Lij4LiH4LmB4Lij4Lih4LmA4Liu4Li34Lit4LiZ4LiZ4Liy4LiZ4Liy4LiI4Lit4Lih4Liq4Lin4Lij4Lij4LiE4LmM!5e0!3m2!1sth!2sth!4v1745154685169!5m2!1sth!2sth', 'nana-jomsawan', 'accommodation');

-- --------------------------------------------------------

--
-- Table structure for table `accommodation_images`
--

CREATE TABLE `accommodation_images` (
  `id` int(11) NOT NULL,
  `accommodation_id` int(11) DEFAULT NULL,
  `image_path` varchar(255) NOT NULL
) ENGINE=InnoDB DEFAULT CHARSET=utf8 COLLATE=utf8_general_ci;

--
-- Dumping data for table `accommodation_images`
--

INSERT INTO `accommodation_images` (`id`, `accommodation_id`, `image_path`) VALUES
(1, 1, '1745151616_baaniinspire1.jpg'),
(2, 1, '1745151616_baaniinspire2.jpg'),
(3, 1, '1745151616_baaniinspire3.jpg'),
(4, 1, '1745151616_baaniinspire4.jpg'),
(5, 1, '1745151616_baaniinspire5.jpg'),
(6, 1, '1745151616_baaniinspire6.jpg'),
(7, 2, '1745153105_needanap1.jpg'),
(8, 2, '1745153105_needanap2.jpg'),
(9, 2, '1745153105_needanap3.jpg'),
(10, 2, '1745153105_needanap4.jpg'),
(11, 2, '1745153105_needanap5.jpg'),
(12, 2, '1745153105_needanap6.jpg'),
(13, 3, '1745153278_huginn1.jpg'),
(14, 3, '1745153278_huginn2.jpg'),
(15, 3, '1745153278_huginn3.jpg'),
(16, 3, '1745153278_huginn4.jpg'),
(17, 3, '1745153278_huginn5.jpg'),
(18, 3, '1745153278_huginn6.jpg'),
(19, 4, '1745153578_huernnanaboutique1.jpg'),
(20, 4, '1745153578_huernnanaboutique2.jpg'),
(21, 4, '1745153578_huernnanaboutique3.jpg'),
(22, 4, '1745153578_huernnanaboutique4.jpg'),
(23, 4, '1745153578_huernnanaboutique5.jpg'),
(24, 4, '1745153578_huernnanaboutique6.jpg'),
(25, 5, '1745153756_huenhimkong1.jpg'),
(26, 5, '1745153756_huenhimkong2.jpg'),
(27, 5, '1745153756_huenhimkong3.jpg'),
(28, 5, '1745153756_huenhimkong4.jpg'),
(29, 5, '1745153756_huenhimkong5.jpg'),
(30, 5, '1745153756_huenhimkong6.jpg'),
(31, 6, '1745153919_phraenakara1.jpg'),
(32, 6, '1745153919_phraenakara2.jpg'),
(33, 6, '1745153919_phraenakara3.jpg'),
(34, 6, '1745153920_phraenakara4.jpg'),
(35, 6, '1745153920_phraenakara5.jpg'),
(36, 6, '1745153920_phraenakara6.jpg'),
(37, 7, '1745154195_suanglangna0.jpg'),
(38, 7, '1745154195_suanglangna1.jpg'),
(39, 7, '1745154195_suanglangna2.jpg'),
(40, 7, '1745154195_suanglangna3.jpg'),
(41, 7, '1745154195_suanglangna4.jpg'),
(42, 7, '1745154195_suanglangna5.jpg'),
(43, 8, '1745154460_huernkanthong1.jpg'),
(44, 8, '1745154460_huernkanthong1.webp'),
(45, 8, '1745154460_huernkanthong2.webp'),
(46, 8, '1745154460_huernkanthong3.jpg'),
(47, 8, '1745154460_huernkanthong3.webp'),
(48, 8, '1745154460_huernkanthong4.jpg'),
(49, 8, '1745154460_huernkanthong5.jpg'),
(50, 8, '1745154460_huernkanthong6.jpg'),
(51, 9, '1745154741_nanajomsawan1.jpg'),
(52, 9, '1745154741_nanajomsawan2.jpg'),
(53, 9, '1745154741_nanajomsawan3.jpg'),
(54, 9, '1745154741_nanajomsawan4.jpg'),
(55, 9, '1745154741_nanajomsawan5.jpg'),
(56, 9, '1745154741_nanajomsawan6.jpg');

-- --------------------------------------------------------

--
-- Table structure for table `province`
--

CREATE TABLE `province` (
  `id` int(11) NOT NULL,
  `name` varchar(255) DEFAULT NULL,
  `description` text DEFAULT NULL,
  `location` varchar(255) DEFAULT NULL,
  `phone` char(13) DEFAULT NULL,
  `website` varchar(255) DEFAULT NULL,
  `image` varchar(255) DEFAULT NULL,
  `category` varchar(255) DEFAULT NULL
) ENGINE=InnoDB DEFAULT CHARSET=utf8 COLLATE=utf8_general_ci;

--
-- Dumping data for table `province`
--

INSERT INTO `province` (`id`, `name`, `description`, `location`, `phone`, `website`, `image`, `category`) VALUES
(1, 'วัดพระธาตุช่อแฮ่', 'เมื่อมาถึงเมืองแพร่นั้นต้องแวะมา วัดพระธาตุช่อแฮ่ วัดศักดิ์สิทธิ์เก่าแก่ คู่บ้านคู่เมืองจังหวัดแพร่และเป็นวัดพระธาตุประจำปีเกิดของผู้ที่เกิดปีขาล บุคคลใดที่มาเที่ยวแพร่แล้วจะต้องมานมัสการพระธาตุช่อแฮ เพื่อเป็นศิริมงคล มีคำกล่าวว่า ถ้ามาเที่ยวแพร่ แต่ไม่ได้มานมัสการพระธาตุช่อแฮเหมือนไม่ได้มาจังหวัดแพร่', ' 1 หมู่ 11 ตำบล ช่อแฮ อำเภอเมืองแพร่ จังหวัดแพร่ 54000', '054-599-209', 'http://localhost/Phrae/category/travelprogram/chorhae.php', 'uploads/chorhae0.jpg', 'province'),
(2, 'ถนนลอยฟ้าแพร่', 'ถนนลอยฟ้าแพร่ หมายเลข 1343 ที่เที่ยวแพร่ ที่หลายคนเรียกว่าถนนเทเลทับบี้ เป็นถนนที่มีทิวเขาเขียวสวยงามเป็นริ้วลายที่สวยงาม คล้ายถนนเส้นบ่อเส้นสันติสุข บ่อเกลือ น่าน ถนนเส้นนี้ตั้งอยู่หลังพระธาตุปูแจ ทอดยาวหลายกิโล ระหว่างทางมีทั้งที่พัก ลานกางเต้นท์ ร้านกาแฟให้แวะ สำหรับจุดที่สามารถมองเห็นวิวทิวเขาได้สวยงามที่สุด พิกัดจะอยู่ก่อนถึงไร่ลุงลอน ใครแวะไปเที่ยวน่านซึ่งต้องผ่านจังหวัดแพร่อยากมาถ่ายรูปถนนลอยฟ้าแพร่ ให้ปักหมุดมาที่ไร่ลุงลอน', ' ตำบล บ้านเวียง อำเภอ ร้องกวาง จังหวัดแพร่ 54000', '-.', 'http://localhost/Phrae/category/travelprogram/skyway.php', 'uploads/skyway.jpg', 'province'),
(3, 'วัดสวรรคนิเวศ', 'วัดสวรรคนิเวศ วัดสวยกลางเมืองแพร่ มีถ้ำพญานาคราช ตามรอยบารมีพญานาคาเมืองโกศัยนคร ด้านในถ้ำตกเเต่งอย่างสวยงาม ประดับด้วยไฟหลากสี งดงามด้วยรูปปั้นองค์พญานาคต่างๆ องค์พระพุทธรูป รวมทั้งรูปพระเกจิอาจาร์ยชื่อดัง ด้านในบรรยากาศเงียบสงบ เป็นที่เที่ยวในเมืองแพร่ ที่สร้างได้สวยงามมีมนต์ขลังมากด้านบนของถ้ำยังมีรูปปั้นเจ้าแม่กวนอิม และพระพุทธมหาเศรษฐีนวโกฏิ ประทับด้านบนพระราหูองค์ใหญ่ที่สุดในโลก', 'หมู่ 4 ตำบลทุ่งกวาว อำเภอเมืองแพร่ จังหวัดแพร่ 54000', '054-061-126', 'http://localhost/Phrae/category/travelprogram/watsawanniwet.php', 'uploads/watsawanniwet.jpg', 'province'),
(4, ' วนอุทยานแพะเมืองผี', 'แพะเมืองผี ที่เที่ยวแพร่ ที่สร้างขึ้นชื่อของแพร่มาช้านาน เกิดจากสภาพภูมิประเทศซึ่งเป็นดิน และหินทรายถูกกัดเซาะตามธรรมชาติเป็นรูปร่างลักษณะต่างๆ มีความสวยงามด้านธรณีวิทยา หน้าผา เสาดิน โดยจักเป็นเส้นทางศึกษาธรรมชาติให้นักท่องเที่ยวทั่วไป ได้เข้ามาศึกษาสภาพป่า ลักษณะทางธรณีวิทยา เพื่อเป็นการส่งเสริม ให้เกิดความรู้และความเข้าใจเกี่ยวกับสภาพพื้นที่วนอุทยานมากยิ่งขึ้น', 'ตำบล น้ำชำ อำเภอเมืองแพร่ จังหวัดแพร่  54000', '-.', 'http://localhost/Phrae/category/travelprogram/phaemuangphi.php', 'uploads/phaemuangphi.jpg', 'province'),
(5, 'คุ้มวิชัยราชา ', 'คุ้มวิชัยราชา เรือนไม้โบราณที่เป็นสถาปัตยกรรมอันลำค่าทางประวัติศาตร์ที่มีอายุกว่า 100 ปี ตั้งอยู่ในเขตกำแพงเมืองเก่าแพร่เป็นเรือนไม้ที่ผสมผสานระหว่างเรือนไม้แบบมนิลาและเรือนขนมปังขิงร่วมกับสถาปัตยกรรมล้านนา ประดับตกตกแต่งลวดลายด้วยไม้ฉลุที่สวยงามอ่อนช้อยอยู่ทั่วตัวอาคาร นับเป็นที่เที่ยวแพร่ในบ้านไม่เก่าที่มีความงดงามที่หาชมได้ยากในปัจจุบัน', 'ถนน วิชัยราชา ตำบล ในเวียง อำเภอเมืองแพร่ จังหวัดแพร่ 54000', '096-080-2380', 'http://localhost/Phrae/category/travelprogram/wichairacha.php', 'uploads/wichairacha.jpg', 'province'),
(6, 'คุ้มเจ้าหลวงเมืองแพร่', 'คุ้มเจ้าหลวง ตั้งอยู่ที่ในอำเภอเมืองแพร่ คุ้มแห่งนี้เป็นอาคารโอ่โถง มีประตู หน้าต่างทั้งหมด 72 บาน งดงามด้วยลวดลายฉลุไม้อยู่ด้านบนปั้นลม และชายคาน้ำ เป็นสถาปัตยกรรมสมัยรัชกาลที่ 5 ยุคต้น ซึ่งมีรูปทรงเป็นแบบสถาปัตยกรรมไทยผสมยุโรป ถือเป็นอีกหนึ่งมนต์เสน่ห์แห่งเรือนเก่า ที่ไม่ควรพลาดแวะมาเที่ยวแพร่ ชมสถาปัตยกรรมเก่าแก่แห่งนี้', ' 4 ถนน ซอย คุ้มเดิม ตำบล ในเวียง อำเภอเมืองแพร่ จังหวัดแพร่ 54000', '054-524-158', 'http://localhost/Phrae/category/travelprogram/khumjaoluang.php', 'uploads/khumjaoluang.jpg', 'province'),
(7, 'วัดจอมสวรรค์', 'วัดจอมสวรรค์ วัดเก่าแก่ที่สถานที่เที่ยวแพร่ ที่สร้างด้วยศิลปะพุกาม (พม่า) มีศิลปวัตถุและโบราณวัตถุที่สวยงามและทรงคุณค่า วัดนี้พิเศษ คือ มีเพียงอุโบสถไม้หลังเดียวซึ่งเป็นทั้งโบสถวิหารและกุฏิ อยู่ในอาคารเดียวกัน ตัวอาคารสร้างด้วยไม้สักทั้งหลัง มีหลังคาเล็กใหญ่ลดหลั่นกันเป็นชั้นรวม 9 ชั้น ปัจจุบันกรมศิลปากรได้ทำการขึ้นทะเบียนโบราณสถานวัดจอมสวรรค์ไว้เป็นสมบัติของชาติ', 'ตำบล ทุ่งกวาว อำเภอเมืองแพร่ จังหวัดแพร่ 54000', '-.', 'http://localhost/Phrae/category/travelprogram/chomsawan.php', 'uploads/chomsawan.jpg', 'province'),
(8, 'วัดนาคูหา ', 'วัดนาคูหา ตั้งอยู่ไม่ไกลจากตัวเมืองแพร่ ใช้เวลาเดินทางเพียง 30 นาที สามารถเที่ยวได้โดยใช้เวลาเพียงไม่กี่ชั่วโมง วัดนาคูหา ตั้งอยู่ในหมู่บ้านนาคูหา ท่ามกลางขุนเขาและธรรมชาติอันแสนบริสุทธิ์ โดยมีพระพุทธรูปพระเจ้าทันใจขนาดใหญ่ประดิษฐานโดดเด่นกลางทุ่งนา มีสะพานไม้ไผ่ทอดยาวจากองค์พระพาดผ่านทุ่งนา สำหรับเดินเล่นรับลมชมวิว เป็นที่เที่ยวแพร่ ต้องแวะมาชมวิว ที่มองเห็นธรรมชาติรอบวัดได้อย่างสวยงาม', 'ตำบล สวนเขื่อน อำเภอเมืองแพร่ จังหวัดแพร่ 54000', '-.', 'http://localhost/Phrae/category/travelprogram/nakhuha.php', 'uploads/nakhuha.jpg', 'province'),
(9, 'วัดพระธาตุสุโทนมงคลคีรี', 'วัดพระธาตุสุโทนมงคลคีรี ที่เที่ยวแพร่ ที่มีจุดเด่น คือเป็นวัดที่รวบรวมศิลปกรรมล้านนาประยุกต์ที่สวยงามมากที่สุดแห่งหนึ่ง ในบริเวณวัดมีเจดีย์ทรงล้านนากว่า 30 องค์ ด้านหน้าบันไดทาง ขึ้นทิศตะวันออกมีรูปปั้นสิงห์ขนาดใหญ่และพระนอนองค์ใหญ่โดดเด่นอยู่ด้านหน้าวัด นอกจากนี้ยังมีอาคารพิพิธภัณฑ์ไม้สักทรงล้านนา ที่เก็บรวบรวมเรื่องราวของล้านนาและเมืองแพร่ จัดแสดงเครื่องใช้อาวุธของนักรบโบราณ รวมทั้งภาพถ่ายของเจ้านายฝ่ายเหนือและ ภาพเหตุการณ์ต่างๆ ในล้านนา', '10 ซอย พระร่วง 2 ตำบล ในเวียง อำเภอเมืองแพร่ แพร่ 54000', '', 'https://web.facebook.com/Watphrathatchohae/?locale=th_TH&_rdc=1&_rdr', 'uploads/don.jpg', 'province');

-- --------------------------------------------------------

--
-- Table structure for table `restaurant`
--

CREATE TABLE `restaurant` (
  `restaurant_id` int(11) NOT NULL,
  `name` varchar(255) NOT NULL,
  `description` text DEFAULT NULL,
  `subtopic` varchar(50) NOT NULL,
  `location` varchar(255) NOT NULL,
  `phone` char(13) NOT NULL,
  `opening_time` varchar(255) NOT NULL,
  `website` varchar(255) NOT NULL,
  `coordinates` varchar(255) NOT NULL,
  `map` text NOT NULL,
  `page` varchar(255) NOT NULL,
  `category` varchar(255) NOT NULL,
  `main_image` varchar(255) NOT NULL
) ENGINE=InnoDB DEFAULT CHARSET=utf8 COLLATE=utf8_general_ci;

--
-- Dumping data for table `restaurant`
--

INSERT INTO `restaurant` (`restaurant_id`, `name`, `description`, `subtopic`, `location`, `phone`, `opening_time`, `website`, `coordinates`, `map`, `page`, `category`, `main_image`) VALUES
(1, 'ฮิมคือ คาเฟ่ Him Khue Cafe', 'ฮิมคือ คาเฟ่ HIM KHUE CAFE คาเฟ่สุดชิลล์ในบ้านไม้สีขาว โทนสีอบอุ่น สไตล์มินิมอล แสงสวยละมุนตา พร้อมมุมสวนเล็กๆ ในร้านให้ความรู้สึกสดชื่น ใครชอบถ่ายรูปบอกเลยว่ามีหลายมุมให้เก็บภาพสวยๆ เพลินๆ กับบรรยากาศหลากหลายสไตล์ในร้านเดียว เครื่องดื่มรสชาติดีงาม โดยเฉพาะน้ำส้มคั้นสด อร่อยสดชื่นจนต้องบอกต่อ', 'ข้อมูลติดต่อ', '10 ซอย พระร่วง 2 ตำบล ในเวียง อำเภอเมืองแพร่ แพร่ 54000', '088-260-4812', ' ทุกวัน 09.00 – 17.00 น.', 'https://web.facebook.com/HIMKHUE2019/?_rdc=1&_rdr', 'https://maps.app.goo.gl/wjrMaAS25k9hTucm8', 'https://www.google.com/maps/embed?pb=!1m18!1m12!1m3!1d3791.492696542992!2d100.1400805!3d18.141203600000004!2m3!1f0!2f0!3f0!3m2!1i1024!2i768!4f13.1!3m3!1m2!1s0x30d8c3968f57ab4b%3A0x95e75f7e56886abb!2z4Liu4Li04Lih4LiE4Li34LitIOC4hOC4suC5gOC4n-C5iCBISU0gS0hVRSBDQUZF!5e0!3m2!1sth!2sth!4v1745129563387!5m2!1sth!2sth', 'him-khue-cafe', 'restaurant', '1745144704_himkhuecafe.jpg'),
(2, 'ภูมิใจเวียดนาม ร้องกวาง Phoomjai Vietnam', 'ร้านอาหารแพร่ ตั้งอยู่ใกล้กับโรงพยาบาลร้องกวาง เปิดมานานกว่า 7 ปี ตัวร้านเป็นห้องกระจก รองรับกรุ๊ปทัวร์และหมู่คณะได้ บริการอาหารไทย อาหารฝรั่ง และอาหารเวียดนาม โดยเฉพาะเมนูที่ต้องลองคือแหนมเนือง มีชุดเล็กและชุดใหญ่ เสิร์ฟกับผักเคียงสดกรอบและน้ำจิ้มรสเด็ด นอกจากนี้ยังมีส้มตำลาวหมูยอ ต้มยำกุ้ง คอหมูย่าง ส้มตำ ขาหมูเยอรมัน สลัด และสปาเกตตี เป็นต้น', 'ข้อมูลติดต่อ', ' 85 2 ตำบล ร้องเข็ม อำเภอ ร้องกวาง แพร่ 54140', ' 087-372-4295', 'ทุกวัน ตั้งแต่เวลา 10.00-21.00 น.', 'https://web.facebook.com/pongsatorn.yong?_rdc=2&_rdr', 'https://maps.app.goo.gl/hwLiBLuymdnnXyLN7', 'https://www.google.com/maps/embed?pb=!1m18!1m12!1m3!1d3787.9829085749598!2d100.2843929751864!3d18.30238978274933!2m3!1f0!2f0!3f0!3m2!1i1024!2i768!4f13.1!3m3!1m2!1s0x30d892e610d386d3%3A0x9996b2baf22cd526!2z4Lig4Li54Lih4Li04LmD4LiI4LmA4Lin4Li14Lii4LiU4LiZ4Liy4LihIOC4o-C5ieC4reC4h-C4geC4p-C4suC4hyBUaGFpIFJlc3RhdXJhbnQgKOC5hOC4l-C4oibguYDguKfguLXguKLguJTguJnguLLguKEp!5e0!3m2!1sth!2sth!4v1745145013072!5m2!1sth!2sth', 'phoomjai-vietnam', 'restaurant', '1745145068_phoomjai.jpg'),
(3, 'เลอกองเก่า Le Gong Gao De Phraeris ', 'ใครผ่านไปผ่านมาแถวถนนคำลือจะต้องสังเกตเห็นบ้านไม้สองชั้นที่ตั้งตระหง่านโดดเด่นในย่านนี้ ตัวร้านเป็นโครงสร้างแบบไม้แบบดั้งเดิม ผสมผสานการตกแต่งยังคงไว้ซึ่งกลิ่นอายความคลาสสิคแบบเมืองแพร่ ลูกค้าสามารถเลือกนั่งได้ทั้งโซนห้องแอร์ หรือโซนด้านนอกร้าน แถมยังมีมุมสวย ให้ถ่ายรูปเช็คอินอีกเพียบ ส่วนเมนูของทางร้านมีหลากหลาย เมนูแนะนำ คือ เอสเย็น เลอแพร่รีส เมนูนี้การันตีความเข้มข้นกลมกล่อม ใครที่มาถึงเมืองแพร่อย่าลืมปักหมุดร้านนี้ไว้ด้วย', 'ข้อมูลติดต่อ', '89 คำลือ ตำบล ในเวียง อำเภอเมืองแพร่ แพร่ 54000', '090-332-4189', 'ทุกวัน 08.00 – 17.00 น.', 'https://web.facebook.com/HIMKHUE2019/?_rdc=1&_rdr', 'https://maps.app.goo.gl/3SYdw3rfT39VEGWZA', 'https://www.google.com/maps/embed?pb=!1m18!1m12!1m3!1d3791.491590775202!2d100.1341223!3d18.1412546!2m3!1f0!2f0!3f0!3m2!1i1024!2i768!4f13.1!3m3!1m2!1s0x30d8c35ba096ec8b%3A0x4fe67426414bbff2!2z4LmA4Lil4Lit4LiB4Lit4LiH4LmA4LiB4LmI4LiyIGNhZmUnIGRlIHBocmFlcmlz!5e0!3m2!1sth!2sth!4v1745146531395!5m2!1sth!2sth', 'le-gong-gao', 'restaurant', '1745146632_legonggao.jpg'),
(4, 'ลิตเติ้ลวัน คาเฟ่ Little One Cafe', 'Little One Cafe คาเฟ่ที่แพร่มีความเรียบหรู ดูแพง โดดเด่นด้วยการออกแบบภายนอกที่สวยเท่ แปลกตา และโครงสร้างที่ไม่เหมือนใคร ภายในร้านตกแต่งอย่างมีสไตล์ในบรรยากาศแบบญี่ปุ่น ให้ความรู้สึกอบอุ่นและผ่อนคลาย นอกจากจะสวยงามแล้ว Little One Cafe ยังมีเมนูที่อร่อยไม่แพ้กัน ทั้งขนมสไตล์ญี่ปุ่นที่น่ารักและเครื่องดื่มรสชาติดี หรือถ้าอยากลองของคาว เบอร์เกอร์ของที่นี่เด็ดไม่แพ้ใคร', 'ข้อมูลติดต่อ', ' 56, ตำบล แม่หล่าย อำเภอเมืองแพร่ แพร่ 54000', '095-676-3298', ' เปิดทุกวัน 8.00-17.00 น. ', 'https://web.facebook.com/littleonecafe.phrae/?locale=th_TH&_rdc=1&_rdr', 'https://maps.app.goo.gl/kwVvrQZjUFSeivgY6', 'https://www.google.com/maps/embed?pb=!1m18!1m12!1m3!1d3790.133277375106!2d100.1991303!3d18.203798199999998!2m3!1f0!2f0!3f0!3m2!1i1024!2i768!4f13.1!3m3!1m2!1s0x30d8c34295cbd305%3A0x30cc3fe2ea336ed9!2zTGl0dGxlIE9uZSBDYWZlIOODquODg-OCv-ODs-ODr-ODsyAtIOC4peC4tOC4leC5gOC4leC4tOC5ieC4peC4p-C4seC4mSDguITguLLguYDguJ_guYg!5e0!3m2!1sth!2sth!4v1745146971173!5m2!1sth!2sth', 'little-one-cafe', 'restaurant', '1745147046_littleonecafe.jpg'),
(5, 'บ้านม่อนนกยูง Ban Monnokyung', 'ร้านอาหารอร่อยแพร่ เลยเทศบาลตำบลช่อแฮ 1 กิโลเมตร ตัวร้านเป็นบ้านไม้บรรยากาศร่มรื่น บริการอาหารพื้นเมือง อาหารไทย และอาหารตามฤดูกาล เมนูขายดีคือแกงฮังเลคากิ รสชาติเข้มข้นละลายในปาก และยังมีเมนูหากินยากคือปลาช่อนหลามกระบอกไม้ไผ่ และเมนูไข่ป่าม เมนูสุขภาพและเป็นภูมิปัญญาพื้นบ้าน โดยเป็นการทำไข่โดยใช้ใบตองอบให้สุก มีความหอมจากใบตอง สำหรับอาหารอื่น ๆ ก็มีเช่น แกงคั่วเห็ดเผาะ น้ำพริกหนุ่ม น้ำพริกอ่อง เป็นต้น ถ้าอยู่ไกลสามารถสั่งอาหารสำเร็จรูปทางออนไลน์ได้ด้วย', 'ข้อมูลติดต่อ', '124 ช่อแฮ 2 ตำบล ช่อแฮ เมือง แพร่ 54000', ' 098-269-5636', 'ทุกวัน ตั้งแต่เวลา 10.00-20.00 น. ', 'https://web.facebook.com/banmonnokyung?_rdc=2&_rdr', 'https://maps.app.goo.gl/awNvtJdqV4sBp48eA', 'https://www.google.com/maps/embed?pb=!1m14!1m8!1m3!1d7585.655604606938!2d100.2129438!3d18.0795247!3m2!1i1024!2i768!4f13.1!3m3!1m2!1s0x30d8c13c270712a5%3A0x85b52ebbb0e89097!2z4Lia4LmJ4Liy4LiZ4Lih4LmI4Lit4LiZ4LiZ4LiB4Lii4Li54LiH!5e0!3m2!1sth!2sth!4v1745147293713!5m2!1sth!2sth', 'banmonnokyung', 'restaurant', '1745147339_banmonnokyung.jpg'),
(6, 'ชูก้าร์ ไบทส์ คาเฟ่ Sugar Bites Café & Homemade Bakery', 'ชูก้าร์ ไบทส์ คาเฟ่ในเมืองแพร่ ตกแต่งด้วยโทนสีคราม ขาว ตัดด้วยสีเขียวของเฟิร์นที่ตกแต่งอยู่ตามมุมต่าง ๆ โดยเจ้าของร้านได้นำบ้านเก่ามารีโนเวทใหม่ให้มีกลิ่นอายความคลาสสิคแต่ยังตกแต่งให้มีความโมเดิร์น ถ่ายรูปออกมาแล้วให้อารมณ์คูล ดูเท่มาก ภายในร้านมีการจัดที่นั่งไว้หลายมุมให้ได้นั่งทานขนมหวานอร่อย ๆ ที่มีให้เลือกเยอะมาก ๆ ทั้งบราวนี่ บลอนดี้ บานอฟฟี่ ชีสเค้กไปจนถึงเบอเกอรี่อบใหม่ ๆ จากเตาอย่างครัวซอง หรือซินนาม่อนโรล ยกมาเสิร์ฟพร้อมเครื่องดื่มซิกเนเจอร์อย่างอเมริกาโน่ส้ม และมัจฉะน้ำส้มค้นที่ทานเข้ากันพอดิบพอดี พร้อมไปกับมีดนตรีสดให้นั่งฟังกันอย่างสบายใจ เป็นคาเฟ่ดี ๆ ที่ลงตัวกับการมาพักผ่อนมาก', 'ข้อมูลติดต่อ', '43 ถ บ้านใหม่ ตำบล ในเวียง เมือง แพร่ 54000', '080-956-5929', 'ทุกวัน 09.00 – 17.00 น.', 'https://web.facebook.com/sugarbitesphrae/?locale=th_TH&_rdc=1&_rdr', 'https://maps.app.goo.gl/USVjNrHhW7ueAn63A', 'https://www.google.com/maps/embed?pb=!1m18!1m12!1m3!1d3791.3091547195254!2d100.1452023751828!3d18.149666982873406!2m3!1f0!2f0!3f0!3m2!1i1024!2i768!4f13.1!3m3!1m2!1s0x30d8c2154aa3f6c5%3A0x813d5e6f66b08368!2sSugar%20Bites%20Caf%C3%A9%20%26%20Homemade%20Bakery!5e0!3m2!1sth!2sth!4v1745147517329!5m2!1sth!2sth', 'sugar-bites-cafe', 'restaurant', '1745147581_sugarbitescafe.jpg'),
(7, 'อภิ API ', 'อภิ คาเฟ่แพร่ ที่ตั้งอยู่ไม่ไกลจากพระธาตุช่อแฮ หลังจากไหว้พระทำบุญแล้ว สามารถแวะมานั่งพักที่คาเฟ่แห่งนี้ได้ ในส่วนของการตกแต่งใช้โครงสร้างและการตกแต่งแบบลอฟท์สไตล์ เฟอร์นิเจอร์ต่าง ๆ ในร้านใช้เฟอร์นิเจอร์ไม้ทั้งหมด บริเวณหน้าร้านล้อมรอบด้วยสวนเล็ก ๆ และไม้ประดับหลายสายพันธุ์ที่ให้ความสบายตาได้ไม่น้อย นอกจากนี้เมนูเครื่องดื่มอย่างกาแฟสดของได้ผ่านกรรมวิธีตามแบบของทางร้านโดยเฉพาะ ช่วยให้รสชาติเข้มข้นถึงใจคอกาแฟ อีกทั้งยังมีเบอเกอรี่อย่างครัวซองนมสด เค้กส้ม คัสตาร์ด และคัพเค้กที่ทำใหม่ ๆ พร้อมเสิร์ฟทุกวัน เป็นอีกคาเฟ่ที่ใครได้มาเยือนแล้วจะไม่ผิดหวัง', 'ข้อมูลติดต่อ', ' 23/7 ตำบลป่าแดง อำเภอเมืองแพร่ จังหวัดแพร่ 54000', '093-632-6562', 'ทุกวัน 09.00 – 17.30 น.', 'https://web.facebook.com/apibyapi/?locale=th_TH&_rdc=1&_rdr', 'https://maps.app.goo.gl/GTJsvU74qc73oufi7', 'https://www.google.com/maps/embed?pb=!1m18!1m12!1m3!1d3792.55627752239!2d100.196339!3d18.092085!2m3!1f0!2f0!3f0!3m2!1i1024!2i768!4f13.1!3m3!1m2!1s0x30d8c1139067ef2d%3A0xbadf17f395a201fa!2zQVBJIOC4reC4oOC4tA!5e0!3m2!1sth!2sth!4v1745147739936!5m2!1sth!2sth', 'apl', 'restaurant', '1745147774_apl.jpg'),
(8, 'ฮอม Hom 2493', 'ร้านอาหารพื้นบ้าน ราคาสบายกระเป๋า บรรยากาศติดกำแพงเมืองแพร่ ตัวร้านเป็นบ้านไม้เก่า 2 ชั้น สไตล์ล้านนา และมีโซนนั่งด้านนอกวิวสวน บริการอาหารเหนือ เช่น ขนมเส้นกระดูกนุ่มหรือขนมเส้นน้ำเมืองแพร่ ผัดหมี่ฮอม เป็นการผสมผัดไทยกับผัดหมี่โคราช นอกจากนี้มีส้มตำและอาหารกินเล่น เช่น เมนูปีกไก่ทอดมะแขว่นและหมูยอทอด ตบท้ายด้วยไอศกรีมกะทิสดเครื่องแน่น', 'ข้อมูลติดต่อ', '102 ถนนรอบเมือง ตำบล ในเวียง อ.เมือง แพร่ 54000', '08-6195-2803', 'ทุกวัน ตั้งแต่เวลา 09.00-16.00 น. (ปิดทุกวันพุธ)', 'https://web.facebook.com/hom2493?_rdc=2&_rdr', 'https://maps.app.goo.gl/up9QYVVAqUBpCVRc6', 'https://www.google.com/maps/embed?pb=!1m18!1m12!1m3!1d3791.32846183635!2d100.1410249751827!3d18.148776882874145!2m3!1f0!2f0!3f0!3m2!1i1024!2i768!4f13.1!3m3!1m2!1s0x30d8c31d80fef555%3A0x73f9428020af8ad6!2z4Liu4Lit4LihIC0gSG9tIDI0OTM!5e0!3m2!1sth!2sth!4v1745147973026!5m2!1sth!2sth', 'hom-2493', 'restaurant', '1745148030_hom.jpg'),
(9, 'โฮะ คาเฟ่ Ho Bake & Cratf Cafe', 'สำหรับใครที่กำลังมองหาคาเฟ่แพร่ที่ให้บรรยากาศแบบล้านนาต้องมา โฮะ คาเฟ่ ด้วยการตกแต่งให้ความรู้สึกแบบคลาสสิคตามสไตล์เมืองแพร่ ร้านมีการประดับต้นไม้ และปลูกไม้เลื้อยสีเขียวชอุ่มให้ความรู้สึกร่มรื่นเย็นสบาย นอกจากนี้ยังมีทีเด็ดเรื่องเมนูต่าง ๆ เมนูที่อยากแนะนำให้ลอง คือ เค้กมะพร้าวใบเตย ซูเฟล่ชีสเค้ก และคาราเมลคัสตาร์ดเค้กที่ยิ่งสั่งมาทานคู่กับลาเต้อุ่น ๆ สักแก้วแล้วสุดจะฟินจริง ๆ ใครที่มาเยือนถึงเมืองแพร่อย่าลืมมาเช็คอินร้านนี้กันด้วย', 'ข้อมูลติดต่อ', '118 ถนนรอบเมือง ตำบลในเวียง อำเภอเมืองแพร่ จังหวัดแพร่ 54000', '082-659-2453', 'ทุกวัน 09.00 – 17.00 น.', 'https://web.facebook.com/hobakeandcraftcafe?locale=th_TH&_rdc=1&_rdr', 'https://maps.app.goo.gl/ScnXnHn7ureECNhg8', 'https://www.google.com/maps/embed?pb=!1m18!1m12!1m3!1d3926856.8168590814!2d97.78517521161065!3d16.022825229944576!2m3!1f0!2f0!3f0!3m2!1i1024!2i768!4f13.1!3m3!1m2!1s0x30d8c2723f7c4d65%3A0xf3547512363be27d!2zSG86IEJha2UmQ3JhZnQgQ2Fmw6k!5e0!3m2!1sth!2sth!4v1745148201227!5m2!1sth!2sth', 'ho-bake-and-craft-cafe', 'restaurant', '1745148243_hobakeandcraftcafe.jpg');

-- --------------------------------------------------------

--
-- Table structure for table `restaurant_images`
--

CREATE TABLE `restaurant_images` (
  `id` int(11) NOT NULL,
  `restaurant_id` int(11) DEFAULT NULL,
  `image_path` varchar(255) DEFAULT NULL
) ENGINE=InnoDB DEFAULT CHARSET=utf8 COLLATE=utf8_general_ci;

--
-- Dumping data for table `restaurant_images`
--

INSERT INTO `restaurant_images` (`id`, `restaurant_id`, `image_path`) VALUES
(1, 1, '1745144704_himkhuecafe1.jpg'),
(2, 1, '1745144704_himkhuecafe2.jpg'),
(3, 1, '1745144704_himkhuecafe3.jpg'),
(4, 1, '1745144704_himkhuecafe4.jpg'),
(5, 1, '1745144704_himkhuecafe5.jpg'),
(6, 1, '1745144704_himkhuecafe6.jpg'),
(7, 2, '1745145068_phoomjai1.jpg'),
(8, 2, '1745145068_phoomjai2.jpg'),
(9, 2, '1745145068_phoomjai3.jpg'),
(10, 2, '1745145068_phoomjai4.jpg'),
(11, 2, '1745145068_phoomjai5.jpg'),
(12, 2, '1745145068_phoomjai6.jpg'),
(13, 3, '1745146632_legonggao1.jpg'),
(14, 3, '1745146632_legonggao2.jpg'),
(15, 3, '1745146632_legonggao3.jpg'),
(16, 3, '1745146632_legonggao4.jpg'),
(17, 3, '1745146632_legonggao5.jpg'),
(18, 3, '1745146632_legonggao6.jpg'),
(19, 4, '1745147047_littleonecafe1.jpg'),
(20, 4, '1745147047_littleonecafe2.jpg'),
(21, 4, '1745147047_littleonecafe3.jpg'),
(22, 4, '1745147047_littleonecafe4.jpg'),
(23, 4, '1745147047_littleonecafe5.jpg'),
(24, 4, '1745147047_littleonecafe6.jpg'),
(25, 5, '1745147339_banmonnokyung1.jpg'),
(26, 5, '1745147339_banmonnokyung2.jpg'),
(27, 5, '1745147339_banmonnokyung3.jpg'),
(28, 5, '1745147339_banmonnokyung4.jpg'),
(29, 5, '1745147339_banmonnokyung5.jpg'),
(30, 5, '1745147339_banmonnokyung6.jpg'),
(31, 6, '1745147581_sugarbitescafe1.jpg'),
(32, 6, '1745147581_sugarbitescafe2.jpg'),
(33, 6, '1745147581_sugarbitescafe3.jpg'),
(34, 6, '1745147581_sugarbitescafe4.jpg'),
(35, 6, '1745147581_sugarbitescafe5.jpg'),
(36, 6, '1745147581_sugarbitescafe6.jpg'),
(37, 7, '1745147774_apl1.jpg'),
(38, 7, '1745147774_apl2.jpg'),
(39, 7, '1745147774_apl3.jpg'),
(40, 7, '1745147774_apl4.jpg'),
(41, 7, '1745147774_apl5.jpg'),
(42, 7, '1745147774_apl6.jpg'),
(43, 8, '1745148030_hom1.jpg'),
(44, 8, '1745148030_hom2.jpg'),
(45, 8, '1745148030_hom3.jpg'),
(46, 8, '1745148030_hom4.jpg'),
(47, 8, '1745148030_hom5.jpg'),
(48, 8, '1745148030_hom6.jpg'),
(49, 9, '1745148243_hobakeandcraftcafe1.jpg'),
(50, 9, '1745148243_hobakeandcraftcafe2.jpg'),
(51, 9, '1745148243_hobakeandcraftcafe3.jpg'),
(52, 9, '1745148243_hobakeandcraftcafe4.jpg'),
(53, 9, '1745148243_hobakeandcraftcafe5.jpg'),
(54, 9, '1745148243_hobakeandcraftcafe6.jpg');

-- --------------------------------------------------------

--
-- Table structure for table `travelprogram`
--

CREATE TABLE `travelprogram` (
  `travelprogram_id` int(11) NOT NULL,
  `name` varchar(255) NOT NULL,
  `description` text DEFAULT NULL,
  `main_image` varchar(255) NOT NULL,
  `subtopic` varchar(50) DEFAULT NULL,
  `location` varchar(255) DEFAULT NULL,
  `phone` char(13) NOT NULL,
  `opening_time` varchar(255) NOT NULL,
  `website` varchar(255) NOT NULL,
  `coordinates` varchar(255) NOT NULL,
  `map` text DEFAULT NULL,
  `page` varchar(255) NOT NULL,
  `category` varchar(255) DEFAULT NULL
) ENGINE=InnoDB DEFAULT CHARSET=utf8 COLLATE=utf8_general_ci;

--
-- Dumping data for table `travelprogram`
--

INSERT INTO `travelprogram` (`travelprogram_id`, `name`, `description`, `main_image`, `subtopic`, `location`, `phone`, `opening_time`, `website`, `coordinates`, `map`, `page`, `category`) VALUES
(1, 'วัดพระธาตุช่อแฮ พระอารามหลวง', 'มาเมืองแพร่ ต้องมานมัสการ...พระธาตุช่อแฮ วัดพระธาตุช่อแฮ พระอารามหลวง วัดศักดิ์สิทธิ์เก่าแก่คู่บ้านคู่เมืองแพร่ และเป็นวัดพระธาตุประจำปีเกิดของผู้ที่เกิดปีขาล ถ้ามาเที่ยวจังหวัดแพร่ แต่ไม่ได้มานมัสการพระธาตุช่อแฮเหมือนไม่ได้มาจังหวัดแพร่  เป็นปูชนียสถานอันศักดิ์สิทธิ์คู่บ้านคู่เมืองแพร่มาแต่โบราณ และเป็นพระธาตุประจำปีเกิดของคนเกิดปีขาล มีงานนมัสการพระธาตุในราวเดือน 4 (เดือนมกราคม) ของทุกปี อยู่ริมถนนช่อแฮ ตำบลช่อแฮ เป็นปูชนียสถานคู่บ้านคู่เมืองแพร่ และเป็นพระธาตุประจำปีขาล ตามตำนานระบุว่า สร้างเมื่อ พ.ศ. 1879-1881 สมัยพระมหาธรรมราชาธิราช (ลิไท) ', '1745163338_watchorhae.jpg', 'ข้อมูลติดต่อ', ' 1 หมู่ 11 ตำบล ช่อแฮ อำเภอเมืองแพร่ แพร่ 54000', '054-599-209', 'เปิดให้เข้าชมทุกวัน เวลา 06.00-18.00 น.', 'https://web.facebook.com/Watphrathatchohae/?locale=th_TH&_rdc=1&_rdr#', 'https://maps.app.goo.gl/NUKZkafh2AKDxo6c7', 'https://www.google.com/maps/embed?pb=!1m14!1m8!1m3!1d3792.6761528377365!2d100.2021254!3d18.0865408!3m2!1i1024!2i768!4f13.1!3m3!1m2!1s0x30d8c1d7a684003b%3A0xb2a0129506faff44!2z4Lin4Lix4LiU4Lie4Lij4Liw4LiY4Liy4LiV4Li44LiK4LmI4Lit4LmB4LiuIOC4nuC4o-C4sOC4reC4suC4o-C4suC4oeC4q-C4peC4p-C4hw!5e0!3m2!1sth!2sth!4v1745162988774!5m2!1sth!2sth', 'chorhae', 'travelprogram'),
(2, 'ฮ่อมแม่ก๋อน', 'ร้านอาหารอยู่ท่ามกลางเขา บรรยกาศดี ร่มรื่น มีลำธารข้างๆ ร้านมาวันหยุดคนเยอะมาก อาหารอร่อยมาตรฐาน ปลาหมึกผัเไข่เค็ม อันนี้อร่อยสำหรับใันนี้ • ปลานิลทอดตะไคร้ ตัวใหญ่มากๆ เนื้อปลาไม่ได้มีรสอะไร แต่เด็ดที่น้ำจิ้ม จัดจ้านมาก • ส้มตำปูกลาร้า อร่อยใช้ได้ ไม่หวาน • ตำเส้นขนมจีนสด ขนมจีนแข็งไปนิด ถ้ามีอะไรใส่เพิ่มนอกจากที่มีเส้นอย่างเดียว จะทำให้จานนี้อร่อยขึ้น ตอนนี้รสชาติดีอยู่แล้ว ', '1745163521_hommaekorn.jpg', 'ข้อมูลติดต่อ', 'บ้านนาคูหา หมู่ 5 ตำบลสวนเขื่อน อำเภอเมืองแพร่ จังหวัดแพร่ 54000', ' 096-698-9503', 'เปิดตั้งแต่วันอังคาร เป็นต้นไป เวลา 09.00-18.00 น.', 'https://web.facebook.com/Hommaekorn?locale=th_TH', 'https://maps.app.goo.gl/1oR86seDX1SjiKYBA', 'https://www.google.com/maps/embed?pb=!1m18!1m12!1m3!1d3793.408469969192!2d100.2396174!3d18.052635599999995!2m3!1f0!2f0!3f0!3m2!1i1024!2i768!4f13.1!3m3!1m2!1s0x30d8c74998ded7db%3A0xff07cdbf25d20dec!2z4Liu4LmI4Lit4Lih4LmB4Lih4LmI4LiB4LmL4Lit4LiZ!5e0!3m2!1sth!2sth!4v1745163480390!5m2!1sth!2sth', 'chorhae', 'travelprogram'),
(3, 'อัยลา ชาเลต์ Ayla Chalet', 'Ayla Chalet ภายในมีร้านอาหารและคาเฟ่ ???????? ????&?????????? ที่รังสรรค์เมนูอาหารสุดพิเศษโดย เชฟมากฝีมือ เลือกใช้วัตถุดิบคุณภาพจากธรรมชาติที่ปลูกเองและจากแหล่งชุมชน มีทั้งเมนูคาว เมนูหวานและเครื่องดื่ม ที่ใครลองก็ติดใจ กิจกรรม ???????? ภายในรีสอร์ท ปลูกผัก, ทำไข่ป่าม, น้ำพริกอ่อง, ทำสบู่, สปา, จิบแชมเปญที่เถียงนา, bbq แคมป์ไฟ, เมนูพิเศษในวันเทศกาลหรือวันพิเศษ เช่น bbq หมูกระทะ ชาบู สอบถามราคาและข้อมูลเพิ่มเติมเพื่อจองล่วงหน้าได้ค่ะ ???? ???? กิจกรรมภายนอกเที่ยวชมวิถีชุมชนพื้นเมือง, เที่ยวเส้นทางธรรมชาติหลังพระธาตุช่อแฮ, ท่องเที่ยวอำเภอลอง, ชมวัดพร้าโต้, ชิมขนมเส้นน้ำย้อยที่อำเภอลอง , ชิมขนมเส้นเมืองแพร่ ที่ร้านดัง ร้านฮอม ร้านคุณพบ ขนมเส้นแม่หล่าย , ทัวร์โรงคั่วกาแฟ, ชมการสอยผ้าด้นมือ, ชมการย้อมผ้าหม้อห้อม สามารถสอบถามราคาและข้อมูลเพิ่มเติมเพื่อจองล่วงหน้าได้ค่ะ ราคาเริ่มต้นห้องละ 5,900.- /คืน ', '1745163687_aylachalet.jpg', 'ข้อมูลติดต่อ', '199 ต.ช่อแฮ อ.เมือง แพร่ 54000 ', '064-490-9779', '10.00-20.00 (Closed Every Monday) เช็คอิน (ขึ้นอยู่กับความพร้อมในการบริการ)', 'https://web.facebook.com/AylaChalet.Phrae?locale=th_TH', 'https://maps.app.goo.gl/yvxDsRgZMk1ZekbQ6', 'https://www.google.com/maps/embed?pb=!1m14!1m8!1m3!1d3792.817643106533!2d100.1954698!3d18.0799948!3m2!1i1024!2i768!4f13.1!3m3!1m2!1s0x30d8c38c2ee570fb%3A0x34947fdeea460c11!2sAyla%20Chalet%20(Thailand)!5e0!3m2!1sth!2sth!4v1745163653082!5m2!1sth!2sth', 'chorhae', 'travelprogram'),
(4, 'แพะเมืองผี ที่เที่ยวแพร่ ปรากฎการณ์ธรรมชาติอายุล้านปี', 'แพะเมืองผี เป็นสถานที่ท่องเที่ยวใน จังหวัดแพร่ ที่ทุกคนต้องรู้จักกันอย่างแน่นอน เพราะเป็นความสวยงามจากธรรมชาติ ที่สวยและแปลกตา ที่เป็นไฮไลท์สุดๆ เป็น Unseen ต้องไปเห็นด้วยตาตัวเองเท่านั้น ถึงจะพบกับความยิ่งใหญ่ตระการตา วันนี้เราก็เลยพาทุกคนปักหมุดไปที่นี่กัน แพะเมืองผี หรือ วนอุทยานแพะเมืองผี ตั้งอยู่ที่ ตำบลน้ำชำ อำเภอเมืองแพร่ จังหวัดแพร่ อีกหนึ่งสถานที่ท่องเที่ยวที่เกิดจากธรรมชาติสร้างขึ้นมา เป็นลักษณะของดินและหินทราย ที่ถูกกัดเซาะตามธรรมชาติจนเกิดเป็นรูปร่างลักษณะต่างๆ ค่ะ ส่วนชื่อเรียก แพะเมืองผี นั้น ก็มาจากภาษาพื้นเมือง ซึ่งคำว่า แพะ แปลว่า ป่าละเมาะ ส่วนคำว่า เมืองผี แปลว่า เงียบเหงา วังเวง เพราะด้วยสภาพภูมิประเทศที่ดูน่ากลัวนี้ เลยเป็นที่มาของการเรียกชื่อนี้', '1745164226_phaemuangphi.jpg', 'ข้อมูลติดต่อ', 'ตำบลน้ำชำ อำเภอเมืองแพร่ จังหวัดแพร่ 54000', ' 081-757-8066', ' 08.30-16.30 น.', 'https://web.facebook.com/Phaemuangphi/?_rdc=1&_rdr#', 'https://maps.app.goo.gl/ociNaCJw63DfQpDZ8', 'https://www.google.com/maps/embed?pb=!1m18!1m12!1m3!1d3790.556508795082!2d100.20869757518356!3d18.184332782845264!2m3!1f0!2f0!3f0!3m2!1i1024!2i768!4f13.1!3m3!1m2!1s0x30d8ea5f23a97e0f%3A0x20a3e2dafaf2086e!2z4LmB4Lie4Liw4LmA4Lih4Li34Lit4LiH4Lic4Li1!5e0!3m2!1sth!2sth!4v1745164172830!5m2!1sth!2sth', 'phaemuangphi', 'travelprogram'),
(5, 'Allmour loft cafe (ออลมัวร์ ลอฟท์ คาเฟ่)', 'Allmour Loft Cafe & Restaurant บริการ กาแฟ อาหาร เครื่องดื่ม จบ ครบ ในที่เดียว ร้านแนว Loft แต่แสงมาตอนเช้ามาช่วงเช้า จัดจาน โทนขาวและดำ เพิ่มมูลค่าในจานอาหาร ', '1745164399_allmourloftcafe.jpg', 'ข้อมูลติดต่อ', ' 203 หมู่ 4 ตำบล ทุ่งโฮ้ง เมือง แพร่ 54000', '062-656-6649', '08.00-20.00 น.', 'https://web.facebook.com/allmourloftcafe/?locale=th_TH&_rdc=1&_rdr#', 'https://maps.app.goo.gl/6xVxrbfK7unvuGww7', 'https://www.google.com/maps/embed?pb=!1m18!1m12!1m3!1d3790.3272899274707!2d100.1901321!3d18.194877599999998!2m3!1f0!2f0!3f0!3m2!1i1024!2i768!4f13.1!3m3!1m2!1s0x30d8eb04a1fa389d%3A0x709366b4d0adffbc!2zQWxsbW91ciBsb2Z0IGNhZmUgKOC4reC4reC4peC4oeC4seC4p-C4o-C5jCDguKXguK3guJ_guJfguYwg4LiE4Liy4LmA4Lif4LmIKQ!5e0!3m2!1sth!2sth!4v1745164340873!5m2!1sth!2sth', 'phaemuangphi', 'travelprogram'),
(6, 'โรงแรมเฮือนขันทอง', 'ดื่มด่ำไปกับสภาพแวดล้อมอันเงียบสงบและตลาดกลางคืนอันคึกคักสัมผัสความสะดวกสบายสูงสุด ในห้องพักกว้างขวางพร้อมสิ่งอำนวยความสะดวกทันสมัย ​​เช่น เครื่องปรับอากาศ ตู้เย็น และฝักบัว ผ่อนคลายภายในอาคาร สระว่ายน้ำหรือผ่อนคลายที่บาร์ รับประโยชน์จากบริการรถรับส่งสำหรับการเดินทางที่สะดวกสบาย นักเดินทางคนเดียวจะประทับใจกับพนักงานที่ เป็นมิตรและที่จอดรถที่ปลอดภัยดื่มด่ำกับทิวทัศน์เมืองอันตระการตาหรือเพลิดเพลินกับสภาพแวดล้อมกลางแจ้งอันเงียบสงบ จองห้องพักที่ Huern Kan Thong Hotel ในราคาสุดคุ้ม ประสบการณ์สุดพิเศษในจังหวัดแพร่  ห้องพักเริ่มต้น 890 บาท', '1745164688_huernkanthong.jpg', 'ข้อมูลติดต่อ', '346/2 ซ. เจริญเมือง ในเวียง เมือง แพร่ 54000', '088-298-1209', '24 ชั่วโมง', 'https://web.facebook.com/huernkanthongofficial/?locale=th_TH&_rdc=1&_rdr#', 'https://maps.app.goo.gl/tE5zv2U83WkNsjGK7', 'https://www.google.com/maps/embed?pb=!1m14!1m8!1m3!1d3791.544005200752!2d100.1432131!3d18.138837!3m2!1i1024!2i768!4f13.1!3m3!1m2!1s0x30d8c3738cc7999d%3A0x43cab8fbdf73b3a2!2zSHVlcm4gS2FuIFRob25nIEhvdGVsICjguYLguKPguIfguYHguKPguKHguYDguK7guLfguK3guJnguILguLHguJnguJfguK3guIcp!5e0!3m2!1sth!2sth!4v1745164528312!5m2!1sth!2sth', 'phaemuangphi', 'travelprogram'),
(7, 'คุ้มวิชัยราชา แพร่ สถาปัตยกรรมอันล้ำค่าทางประวัติศาตร์', 'คุ้มวิชัยราชา หรือ บ้านวิชัยราชา เรือนไม้โบราณที่เป็นสถาปัตยกรรมอันล้ำค่าทางประวัติศาตร์ อายุกว่า 100 ปี ตั้งอยู่ในเขตกำแพงเมืองเก่าแพร่ ตำบลในเวียง อำเภอเมืองแพร่ จังหวัดแพร่ เป็นคุ้มของพระวิไชยราชา (เจ้าหนานขัติ แสนศิริพันธุ์) เจ้านครแพร่องค์สุดท้าย และอดีตเสนาคลังเมืองนครแพร่ บุตรในเจ้าแสนเสมอใจเครือญาติเจ้าหลวงเทพวงศ์ลิ้นตอง เจ้าผู้ครองนครแพร่ องค์ที่ 19 เป็นเรือนไม้ที่ผสมผสานระหว่างเรือนไม้แบบมนิลา และเรือนขนมปังขิงร่วมกับสถาปัตยกรรมล้านนา ประดับตกตกแต่งลวดลายด้วยไม้ฉลุที่สวยงามอ่อนช้อยอยู่ทั่วตัวอาคาร มีความงดงามที่หาชมได้ยากในปัจจุบัน ', '1745164945_wichairacha.jpg', 'ข้อมูลติดต่อ', 'ถนนวิชัยราชา ตำบลในเวียง อำเภอเมืองแพร่ จังหวัดแพร่ 54000', '096-080-2380', '08.30-16.30 น.', '-.', 'https://maps.app.goo.gl/s53YhuuQHwjfiftG7', 'https://www.google.com/maps/embed?pb=!1m18!1m12!1m3!1d3791.50366516314!2d100.1377389!3d18.1406977!2m3!1f0!2f0!3f0!3m2!1i1024!2i768!4f13.1!3m3!1m2!1s0x30d8c268b658233d%3A0x8fb1496012643e5e!2z4LiE4Li44LmJ4Lih4Lin4Li04LiK4Lix4Lii4Lij4Liy4LiK4Liy4oCL!5e0!3m2!1sth!2sth!4v1745164906388!5m2!1sth!2sth', 'wichairacha', 'travelprogram'),
(8, 'ร้านข้าวซอยบ้านกลางเวียง / Khao Soi', 'ข้าวซอยก็แนะนำเลยสารพัดข้าวซอย หมู ลูกชิ้น ไก่ หมูเด้ง หมูรวม มีขนาดชามเดียวอิ่ม หรือ ขนาดใหญ่ เริ่มต้นที่ 35 - 199 แต่โดยส่วนตัวคิดว่าน้ำซุปหวานไปหน่อยค่ะ เครื่องดื่มมีชามะนาว โค้ก น้ำเปล่า ร้านข้าวซอยนั่งๆเก๋ บรรยากาศดีๆก็มาได้เลยค่ะ', '1745165156_khaosoi.jpg', 'ข้อมูลติดต่อ', ' 5 ถนน วิชัยราชา ตำบล ในเวียง อำเภอเมืองแพร่ แพร่ 54000', ' 083-763-7309', '10.00-14.00 น.', '-.', 'https://maps.app.goo.gl/FgZ1YMbAVduhCd18A', 'https://www.google.com/maps/embed?pb=!1m18!1m12!1m3!1d3791.5108632272213!2d100.1383602!3d18.1403657!2m3!1f0!2f0!3f0!3m2!1i1024!2i768!4f13.1!3m3!1m2!1s0x30d8c268c647bd5d%3A0xaabbee450f784041!2z4Lij4LmJ4Liy4LiZ4LiC4LmJ4Liy4Lin4LiL4Lit4Lii4Lia4LmJ4Liy4LiZ4LiB4Lil4Liy4LiH4LmA4Lin4Li14Lii4LiHIC8gS2hhbyBTb2k!5e0!3m2!1sth!2sth!4v1745165073130!5m2!1sth!2sth', 'wichairacha', 'travelprogram'),
(9, 'ทาริส อาร์ต โฮเทล แพร่ (TARIS ART HOTEL PHRAE)', 'Taris Art Hotel Phrae อยู่ในแพร่และมีบริการบาร์ โรงแรม 3 ดาวนี้มีจักรยานให้ใช้ฟรีและห้องพักติดตั้งเครื่องปรับอากาศพร้อมอินเทอร์เน็ตไร้สาย (WiFi) ฟรี แต่ละห้องมีห้องน้ำแบบส่วนตัว มีห้องอาหารให้บริการอาหารแบบอิตาลี และมีบริการที่จอดรถส่วนตัวฟรี ทุกยูนิตที่ Taris Art Hotel Phrae มาพร้อมกับพื้นที่นั่งเล่น แต่ละห้องประกอบด้วยตู้เสื้อผ้าและโทรทัศน์จอแบน และบางยูนิตที่ที่พักนี้ มีลานเฉลียง ที่ Taris Art Hotel Phrae แต่ละห้องมาพร้อมกับชุดเครื่องนอนและผ้าเช็ดตัว Taris Art Hotel Phrae บริการอาหารเช้าแบบบุฟเฟต์หรือเอเชีย พนักงานที่แผนกต้อนรับพร้อมให้ความช่วยเหลืออยู่ตลอดและสามารถพูดภาษาอังกฤษและไทย ราคา : เริ่มต้นที่ 643 บาท ', '1745165320_tarisart.jpg', 'ข้อมูลติดต่อ', ' 69 Ratchadamnoen Road, ตำบล ในเวียง A.Mueang Phrae, Phrae 54000', '054-511-122', ' 24 ชั่วโมง', 'https://web.facebook.com/booking.taris/?_rdc=1&_rdr#', 'https://maps.app.goo.gl/RvbjMwrupH1Vxpz69', 'https://www.google.com/maps/embed?pb=!1m14!1m8!1m3!1d7583.005556809744!2d100.1406974!3d18.1407386!3m2!1i1024!2i768!4f13.1!3m3!1m2!1s0x30d8c26bfb692a75%3A0xc4a49a3ac1f9d82f!2sTaris%20Art%20Hotel!5e0!3m2!1sth!2sth!4v1745165272927!5m2!1sth!2sth', 'wichairacha', 'travelprogram'),
(10, 'ถ้ำผานางคอย ที่เที่ยวแพร่ ตำนานรักร้อยปี ของ หินนางคอย', 'ถ้ำผานางคอย ตั้งอยู่ในอำเภอร้องกวาง จังหวัดแพร่ เป็นส่วนหนึ่งของภูเขาหินปูน ที่ตั้งตระหง่านกลางป่า ปกคลุมด้วยแมกไม้น้อย ใหญ่ อดีตเมื่อผืนป่ายังอุดมสมบูรณ์ ละแวกนี้เต็มไปด้วยสัตว์มากมายหลายชนิด โดยเฉพาะกวางป่า เป็นที่มาของชื่ออำเภอร้องกวาง จังหวัดแพร แต่เมื่อพื้นที่ถูกแปรเป็นพื้นที่การเกษตร สัตว์ก็ค่อยๆ หายไป เหลือเพียงภูเขาหินปูน ถ้ำและหินงอกหินย้อยสวยวิจิตร อลังการ เป็นประติมากรรมที่ธรรมชาติสรรค์สร้าง เมื่อร้อยเรียงเข้ากับตำนานพื้นบ้านบอกเล่าถึงที่มาของเสาหิน รูปทรงผู้หญิงกำลัง อุ้มลูกน้อยเพื่อรอคอยการกลับมาของชายอันเป็นที่รักนั้น ซึ่งได้กลายเป็นที่มาของชื่อ “ถ้ำผานางคอย” ยิ่งทำให้ที่แห่งนี้เต็มไปด้วยความน่าสนใจ', '1745165503_phanangkhoicave.jpg', 'ข้อมูลติดต่อ', '9993+MF9 บ้านแม่ทราย-บ้านแม่ยางโพธิ์, ถนนท้องถิ่น พร. 1004, ตำบล ร้องกวาง อำเภอ ร้องกวาง แพร่ 54140', '054-532-485', ' เปิดตั้งแต่เวลา 8.30 – 17.00 น. ไม่เสียค่าบริการในการเข้าชม', '-.', 'https://maps.app.goo.gl/xgpxzM3CYzfFoAhu9', 'https://www.google.com/maps/embed?pb=!1m18!1m12!1m3!1d3786.5201837757013!2d100.3537429!3d18.369161700000003!2m3!1f0!2f0!3f0!3m2!1i1024!2i768!4f13.1!3m3!1m2!1s0x30d88d768047f871%3A0x4d083ac85c25fc33!2z4LiW4LmJ4Liz4Lic4Liy4LiZ4Liy4LiH4LiE4Lit4Lii!5e0!3m2!1sth!2sth!4v1745165464747!5m2!1sth!2sth', 'phanangkhoicave', 'travelprogram'),
(11, 'ภูมิใจเวียดนาม ร้องกวาง (phoomjai vietcafe\') ', 'ร้านนี้ตั้งอยู่ที่อำเภอร้องกวางค่ะ ถ้าเดินทางขาล่องมาจากน่าน ผ่านตัวอำเภอร้องกวางวิ่งตรงมา หรือหากวิ่งมาจากอำเภองาว จังหวัดพะเยา เลี้ยวขวา ณ แยกบ้านปากทาง มุ่งหน้าเข้าตัวจังหวัดแพร่ สังเกตเห็นตู้ยาม และโรงเรียนร้องกวางอนุสรณ์ ให้ชะลอความเร็วรถ แล้วสังเกตด้านซ้าย ร้านจะอยู่บริเวณจุดกลับรถ แต่หากเดินทางมาจากตัวจังหวัดแพร่ ต้องกลับรถเพื่อข้ามมาฝั่งที่ตั้งร้าน เป็นร้านเล็กๆ รองรับลูกค้าได้ประมาณ 8-9 โต๊ะๆ ละประมาณ 4 คน หากมากกว่านี้ก็จะแน่นเกินไป ลุกเดินค่อนข้างลำบากเลยทีเดียว มาบอกเล่ากันถึงรสชาติอาหารกันดีกว่าค่ะ หากท่านใดเลยทานแหนมเนืองหรืออาหารอื่นๆ ของวีทีแหนมเนือง ท่านจะรู้สึกเหมือนกันว่ารสชาติเดียวกัน ซึ่งคาดว่าทางร้านจะรับมาขายต่ออีกที สำหรับผัก ที่ร้านใช้เป็นผักไฮโดรฯ ค่ะ สดกรอบมาก ให้ผักเยอะมาก ถูกใจจริงๆ เมนูอื่นๆที่ชื่นชอบมีหลายรายการเลยค่ะ อาทิ ส้มตำ ไก่ทอด กุ้งพันอ้อย สเต็กหมูคุโรบูตะเนื้อนุ่มมาก ยังไงแวะไปลองทานดูนะคะ', '1745165834_phoomjai.jpg', 'ข้อมูลติดต่อ', '85/2 ตำบล ร้องเข็ม อำเภอ ร้องกวาง แพร่ 54140', '087-372-4295', ' 10:00-20:00 น.', 'https://web.facebook.com/pongsatorn.yong/?_rdc=1&_rdr#', 'https://maps.app.goo.gl/TfbusBxNY22dSNt68', 'https://www.google.com/maps/embed?pb=!1m18!1m12!1m3!1d3787.982908197726!2d100.2869679!3d18.302389800000004!2m3!1f0!2f0!3f0!3m2!1i1024!2i768!4f13.1!3m3!1m2!1s0x30d892e610d386d3%3A0x9996b2baf22cd526!2z4Lig4Li54Lih4Li04LmD4LiI4LmA4Lin4Li14Lii4LiU4LiZ4Liy4LihIOC4o-C5ieC4reC4h-C4geC4p-C4suC4hyBUaGFpIFJlc3RhdXJhbnQgKOC5hOC4l-C4oibguYDguKfguLXguKLguJTguJnguLLguKEp!5e0!3m2!1sth!2sth!4v1745165769664!5m2!1sth!2sth', 'phanangkhoicave', 'travelprogram'),
(12, 'โรงแรมแพรภูมิบุรี (Pairphumburi Hotel)', 'ที่พักให้บริการที่จอดรถฟรีเพื่อการเดินทางเข้าออกที่พักได้อย่างสะดวกสบาย รวมถึง Wi-Fi ฟรีให้ท่องเน็ตได้ทุกเมื่อที่พักตั้งอยู่ในย่านร้องกวางของแพร่ ผู้เข้าพักจึงได้อยู่ใกล้สถานที่ท่องเที่ยวน่าสนใจและร้านอาหารอร่อยๆ ที่พักนี้ยังมีห้องอาหารเพื่ออำนวยความสะดวกให้แก่ผู้เข้าพักมากยิ่งขึ้น ราคาเพียง 399 บาท/คืน (ปกติ 490บาท) ', '1745166070_pairphumburi.jpg', 'ข้อมูลติดต่อ', '283 ตำบล ร้องกวาง อำเภอ ร้องกวาง แพร่ 54140', '085-037-3883', ' 24 ชั่วโมง', 'http://localhost/phrae/category/travelprogram/phanangkhoicave.php', 'https://maps.app.goo.gl/1xkGS3GfvryaQgFH6', 'https://www.google.com/maps/embed?pb=!1m18!1m12!1m3!1d3787.2291794076004!2d100.3135070751872!3d18.336826082721497!2m3!1f0!2f0!3f0!3m2!1i1024!2i768!4f13.1!3m3!1m2!1s0x30d89277fe4ebf15%3A0x9dd0d67fd52c9215!2z4LmC4Lij4LiH4LmB4Lij4Lih4LmB4Lie4Lij4Lig4Li54Lih4Li04Lia4Li44Lij4Li1!5e0!3m2!1sth!2sth!4v1745165979013!5m2!1sth!2sth', 'phanangkhoicave', 'travelprogram'),
(13, 'วัดนาคูหา แพร่ ไหว้พระเจ้าตนหลวง เดินเล่นสะพานไม้กลางนา', 'วัดนาคูหา ตั้งอยู่อำเภอเมือง จังหวัดแพร่ ห่างจากตัวเมืองแพร่ประมาณ 25 กิโลเมตร เป็นอีกหนึ่ง ตั้งอยู่ไม่ไกลจากตัวเมือง สามารถเที่ยวได้โดยใช้เวลาเพียงไม่กี่ชั่วโมง วัดนาคูหา ตั้งอยู่ในหมู่บ้านนาคูหา ท่ามกลางขุนเขาและธรรมชาติอันแสนบริสุทธิ์ โดยมีพระพุทธรูปพระเจ้าทันใจขนาดใหญ่ประดิษฐานโดดเด่นกลางทุ่งนา มีสะพานไม้ไผ่ทอดยาวจากองค์พระพาดผ่านทุ่งนาสำหรับเดินเล่นรับลมชมวิว มองเห็นธรรมชาติรอบวัดได้อยางสวยงาม', '1745166276_nakhuha.png', 'ข้อมูลติดต่อ', '48H9+58R ตำบล สวนเขื่อน อำเภอเมืองแพร่ แพร่ 54000', '0-5464-5688', '06.00-18.00 น.', 'https://web.facebook.com/people/%E0%B8%A7%E0%B8%B1%E0%B8%94%E0%B8%99%E0%B8%B2%E0%B8%84%E0%B8%B9%E0%B8%AB%E0%B8%B2-%E0%B8%AD%E0%B8%B3%E0%B9%80%E0%B8%A0%E0%B8%AD%E0%B9%80%E0%B8%A1%E0%B8%B7%E0%B8%AD%E0%B8%87%E0%B9%81%E0%B8%9E%E0%B8%A3%E0%B9%88/pfbid02q2d7ckM', 'https://maps.app.goo.gl/qkrqW4kMuvVyYMmM9', 'https://www.google.com/maps/embed?pb=!1m14!1m8!1m3!1d30334.930780769402!2d100.29019236931154!3d18.123962199999994!3m2!1i1024!2i768!4f13.1!3m3!1m2!1s0x30d8bf01810ff81b%3A0xe5ff2773c2617ccb!2z4Lin4Lix4LiU4LiZ4Liy4LiE4Li54Lir4LiyIOC5geC4nuC4o-C5iA!5e0!3m2!1sth!2sth!4v1745166217245!5m2!1sth!2sth', 'nakhuha', 'travelprogram'),
(14, 'นาcoolหา Cafe\'&Homestay', 'ถัดจากวัดนาคูหา ไม่ไกลห่างกันไม่กี่ร้อยเมตร ยังมีคาเฟ่ ให้นั่งเล่นแบบชิลๆ ชื่อว่า นาคูหา คาเฟ่ ตกแต่งในสไตล์แคมป์ปิ้ง บรรยากาศร่มรื่น ติดลำธารเล็กๆ ไหว้พระแล้วมานั่งเล่น ส่งอาหาร จิบเครื่องดื่มได้ แต่ละมุมตกแต่งน่ารัก มีความเป็นแคมป์ปิ้งผสมกับความวินเทจ ที่กลมกลืนไปกับธรรมชาติ เมนูมีเครื่องดื่ม และอาหารจานเดียว เน้นไปที่สเต๊ก ทั้งหมู ปลา อาหารทานเล่น และยังมีส้มตำให้ทานด้วย รสชาติอาหารและเครื่องดื่มพอใช้ได้ค่ะ ถือว่ามานั่งเล่นชิลๆ พักเหนื่อย มาหลบร้อน', '1745166488_nakhuha7.jpg', 'ข้อมูลติดต่อ', 'บ.นาคูหา ต ตำบล สวนเขื่อน อำเภอเมืองแพร่ แพร่ 54000', '095-642-6393', '8:30–18:00', '-.', 'https://maps.app.goo.gl/zw7jDnruizfasQTk7', 'https://www.google.com/maps/embed?pb=!1m18!1m12!1m3!1d3791.8055691367526!2d100.31649487518216!3d18.12676778289201!2m3!1f0!2f0!3f0!3m2!1i1024!2i768!4f13.1!3m3!1m2!1s0x30d8bfd5023e4bcb%3A0x74cb8f085e4c3f81!2z4LiZ4LiyY29vbOC4q-C4siBDYWZlJyZIb21lc3RheS4!5e0!3m2!1sth!2sth!4v1745166433646!5m2!1sth!2sth', 'nakhuha', 'travelprogram'),
(15, 'SuanGlangNa สวนกลางนา', 'Suanglangna Homestay (สวนกลางนา) นอกจากที่นี่ยังเป็นที่พักแล้ว...ตอนนี้เขาก็ได้เปิดโซนอาหารคาเฟ่ใหม่ ให้คนได้มาลองสัมผัสบรรยากาศดีๆแบบนี้ด้วย ❤ สำหรับใครที่มองหาคาเฟ่/ร้านอาหาร ชมวิวภูเขา (ช้างผาด่าน) สวยๆ วิว 360 องศา 3 ชั้นบนสุดมีที่นั่งกลมๆสุดเริ่ด เปิดไฟอย่างสวย! บรรยากาศดีที่นี่ลมโกกตลอด ตกแต่งสวนได้สุดเก๋ สไตล์อินเตอร์ น้องหมาน้อยน่ารัก เดินเล่นสวนกว้างเพลินๆ มีหลากหลายโซน แคมป์ไฟก็ดี มุมส่วนตัวเลือกได้ตลามใจชอบ แนะนำมาช่วงเย็นพระอาทิตย์ตกดินคือ...ดีย์   เริ่มต้น 806 บาท', '1745166699_suanglangna.jpg', 'ข้อมูลติดต่อ', 'สวนเขื่อน, 9/2 Moo 9 Suan Khuean, เมืองแพร่, อำเภอเมืองแพร่ แพร่ 54000', '093-695-4624', 'เวลาเช็คอิน: 14:00 เวลาเช็คเอาต์: 11:00', 'https://web.facebook.com/suanglangna/?_rdc=1&_rdr', 'https://maps.app.goo.gl/dmk7rb2GNz4mqmyb7', 'https://www.google.com/maps/embed?pb=!1m14!1m8!1m3!1d7583.163722810106!2d100.2119235!3d18.1370907!3m2!1i1024!2i768!4f13.1!3m3!1m2!1s0x30d8c1d30157e813%3A0x866b9977d8bd7a53!2zU3VhbkdsYW5nTmEg4Liq4Lin4LiZ4LiB4Lil4Liy4LiH4LiZ4Liy!5e0!3m2!1sth!2sth!4v1745166595451!5m2!1sth!2sth', 'nakhuha', 'travelprogram'),
(16, 'วัดสวรรคนิเวศ แพร่ ชมถ้ำพระยานาคราช ไหว้พระราหูองค์ใหญ่', 'วัดสวรรคนิเวศ วัดสวยกลางเมืองแพร่ มีถ้ำพญานาคราช ตามรอยบารมีพญานาคาเมืองโกศัยนคร ด้านในถ้ำตกเเต่งอย่างสวยงาม ประดับด้วยไฟหลากสี งดงามด้วยรูปปั้นองค์พญานาคต่างๆ องค์พระพุทธรูป รวมทั้งรูปพระเกจิอาจาร์ยชื่อดัง ที่สร้างเป็นโพรงถ้ำและหินงอกหินย้อย เมื่อเข้ามาภายในถ้ำ จะรู้สึกได้ถึงความสงบ ความศักดิ์สิทธิ์และลึกลับ ด้านบนของถ้ำยังมีรูปปั้นเจ้าแม่กวนอิม และพระพุทธมหาเศรษฐีนวโกฏิ ประทับด้านบนพระราหูองค์ใหญ่ที่สุดในโลก', '1745166865_watsawanniwet.jpg', 'ข้อมูลติดต่อ', ' หมู่ 4, ตำบลทุ่งกวาว อำเภอเมืองแพร่ จังหวัดแพร่, 54000 ', ' 095-834-4762', '09:00–17:00 น. ทุกวัน', 'https://web.facebook.com/people/%E0%B8%A7%E0%B8%B1%E0%B8%94%E0%B8%AA%E0%B8%A7%E0%B8%A3%E0%B8%A3%E0%B8%84%E0%B8%99%E0%B8%B4%E0%B9%80%E0%B8%A7%E0%B8%A8-%E0%B8%88%E0%B9%81%E0%B8%9E%E0%B8%A3%E0%B9%88/100064818813563/?sk=photos', 'https://maps.app.goo.gl/hVpr111qZw5RVgEAA', 'https://www.google.com/maps/embed?pb=!1m18!1m12!1m3!1d3791.279895847439!2d100.14946719999999!3d18.1510158!2m3!1f0!2f0!3f0!3m2!1i1024!2i768!4f13.1!3m3!1m2!1s0x30d8c20cbe035841%3A0x804850cb5b0f242!2z4Lin4Lix4LiU4Liq4Lin4Lij4Lij4LiE4LiZ4Li04LmA4Lin4Lio!5e0!3m2!1sth!2sth!4v1745166816898!5m2!1sth!2sth', 'watsawanniwet', 'travelprogram'),
(17, 'Hom 2493', 'ร้านอาหารพื้นบ้าน ราคาสบายกระเป๋า บรรยากาศติดกำแพงเมืองแพร่ ตัวร้านเป็นบ้านไม้เก่า 2 ชั้น สไตล์ล้านนา และมีโซนนั่งด้านนอกวิวสวน บริการอาหารเหนือ เช่น ขนมเส้นกระดูกนุ่มหรือขนมเส้นน้ำเมืองแพร่ ผัดหมี่ฮอม เป็นการผสมผัดไทยกับผัดหมี่โคราช นอกจากนี้มีส้มตำและอาหารกินเล่น เช่น เมนูปีกไก่ทอดมะแขว่นและหมูยอทอด ตบท้ายด้วยไอศกรีมกะทิสดเครื่องแน่น', '1745167106_hom.jpg', 'ข้อมูลติดต่อ', '102 ถนนรอบเมือง ตำบล ในเวียง อ.เมือง แพร่ 54000', '064-561-6807', '09:00–16:00 น. ทุกวัน', 'https://web.facebook.com/@hom2493/?locale=th_TH&_rdc=1&_rdr', 'https://maps.app.goo.gl/nsyBVYntCfF6TkMM6', 'https://www.google.com/maps/embed?pb=!1m14!1m8!1m3!1d7582.674648163335!2d100.1434087!3d18.1483683!3m2!1i1024!2i768!4f13.1!3m3!1m2!1s0x30d8c31d80fef555%3A0x73f9428020af8ad6!2z4Liu4Lit4LihIC0gSG9tIDI0OTM!5e0!3m2!1sth!2sth!4v1745166946151!5m2!1sth!2sth', 'watsawanniwet', 'travelprogram'),
(18, 'โรงแรมเฮือนนานาจอมสวรรค์', 'Deluxe Suite Double Room (เตียงเดี่ยวรวมอาหารเช้า ราคา 750 บาท / ไม่รวมอาหารเช้า 650 บาท) ? Deluxe Suite Twin Room (เตียงคู่รวมอาหารเช้า ราคา 750 บาท / ไม่รวมอาหารเช้า 650 บาท) ???? สนใจติดต่อสอบถามทางเพจหรือเบอร์โทรศัพท์ 054-511-960 ตลอดเวลาทำการ? เริ่มต้นพียง 650.-บาท / คืน', '1745167308_huernnana.jpg', 'ข้อมูลติดต่อ', ' 225 4 ถนน ยันตรกิจโกศล ในเวียง เมือง แพร่ 54000', '054-511-960', 'เวลาเช็คอิน: 13:00 เวลาเช็คเอาต์: 12:00', 'https://web.facebook.com/huernnanajomsawanofficial/?locale=th_TH&_rdc=1&_rdr', 'https://maps.app.goo.gl/AZdhHciVbTuVytog9', 'https://www.google.com/maps/embed?pb=!1m14!1m8!1m3!1d3791.260039738573!2d100.149371!3d18.1519311!3m2!1i1024!2i768!4f13.1!3m3!1m2!1s0x30d8c20c0b43484d%3A0x6940beb696910a25!2z4LmC4Lij4LiH4LmB4Lij4Lih4LmA4Liu4Li34Lit4LiZ4LiZ4Liy4LiZ4Liy4LiI4Lit4Lih4Liq4Lin4Lij4Lij4LiE4LmM!5e0!3m2!1sth!2sth!4v1745167191041!5m2!1sth!2sth', 'watsawanniwet', 'travelprogram'),
(19, 'ถนนลอยฟ้าแพร่ ถนนหมายเลข 1343 สวยเหมือนถนนน่าน', 'ถนนลอยฟ้าแพร่ หมายเลข 1343 หรือหลายคนเรียกว่าถนนเทเลทับบี้ เป็นถนนที่มีทิวเขาเขียวสวยงามเป็นริ้วลายที่สวยงาม คล้ายถนนเส้นบ่อเส้นสันติสุข บ่อเกลือ น่าน ถนนเส้นนี้ตั้งอยู่หลังพระธาตุปูแจ ทอดยาวหลายกิโล ระหว่างทางมีทั้งที่พัก ลานกางเต้นท์ ร้านกาแฟให้แวะ สำหรับจุดที่สามารถมองเห็นวิวทิวเขาได้สวยงามที่สุด พิกัดจะอยู่ก่อนถึงไร่ลุงลอน ใครแวะมาเที่ยวหรือไปน่านต้องผ่านจังหวัดแพร่อยากมาถ่ายรูปถนนลอยฟ้าแพร่ ให้ปักหมุดมาที่ไร่ลุงลอน', '1745167721_skyway.jpg', 'ข้อมูลติดต่อ', ' 58X7+PM9 1343 ตำบล บ้านเวียง อำเภอ ร้องกวาง แพร่ 54140', '-.', 'เปิด 24 ชั่วโมง', '-.', 'https://maps.app.goo.gl/ynxoyM8mSFK5Yp6U7', 'https://www.google.com/maps/embed?pb=!1m18!1m12!1m3!1d30321.849947068422!2d100.27818141083982!3d18.199294300000002!2m3!1f0!2f0!3f0!3m2!1i1024!2i768!4f13.1!3m3!1m2!1s0x30d895b5f6d5ac0b%3A0x2a7e445fd7cbd565!2z4LiI4Li44LiU4LiK4Lih4Lin4Li04LinIOC4geC4oS4zIOC4luC4meC4meC4peC4reC4ouC4n-C5ieC4siDguIgu4LmB4Lie4Lij4LmI!5e0!3m2!1sth!2sth!4v1745167644140!5m2!1sth!2sth', 'skyway', 'travelprogram'),
(20, 'พระธาตุปูแจ', 'ก่อนกลับอย่าลืมแวะไหว้ พระธาตุปูแจ พระธาตุศักดิ์สิทธิ์ ศูนย์รวมจิตใจของชาวอำเภอร้องกวาง พื้นที่ในส่วนของพระอุโบสถและองค์พระธาตุ ตั้งอยู่ในพื้นที่เดียวกัน ภายในมีพระเจ้าทันใจ และพระประธาน', '1745167917_pujae.jpg', 'ข้อมูลติดต่อ', 'หมู่ที่ 4 บ้านบุญเริง ตำบลบ้านเวียง อำเภอร้องกวาง จังหวัดแพร่  54140', '-.', 'สามารถเข้าชมได้ตามเวลาเปิดปิดของสถานที่', 'https://web.facebook.com/people/%E0%B8%A7%E0%B8%B1%E0%B8%94%E0%B8%9E%E0%B8%A3%E0%B8%B0%E0%B8%98%E0%B8%B2%E0%B8%95%E0%B8%B8%E0%B8%9B%E0%B8%B9%E0%B9%81%E0%B8%88/100064009575888/', 'https://maps.app.goo.gl/59ynyjCiXPMAJYQ2A', 'https://www.google.com/maps/embed?pb=!1m18!1m12!1m3!1d3790.156401195999!2d100.29324539999999!3d18.2027352!2m3!1f0!2f0!3f0!3m2!1i1024!2i768!4f13.1!3m3!1m2!1s0x30d894e3563076a7%3A0x239167ff53339f7d!2z4Lin4Lix4LiU4Lie4Lij4Liw4LiY4Liy4LiV4Li44Lib4Li54LmB4LiI!5e0!3m2!1sth!2sth!4v1745167828748!5m2!1sth!2sth', 'skyway', 'travelprogram'),
(21, 'หอมคาเฟ่ แพร่ ', 'คาเฟ่ ขนมหวาน อาหาร ดอกไม้กินได้ พี่เจ้าของน่ารัก ทำทุกอย่างด้วยใจ ตกแต่งร้านด้วยความชอบของตัวเอง สะสมมาเรื่อยๆจนมาเป็นของแต่งร้านสุดเก๋ ช่วงนี้ปรับโซนร้านให้น่าถ่ายรูป เหมาะกับสาวๆบ่าวๆสุดชิค สไตล์ยุโรป มาอีกขึ้น อีกหน่อยจะทำโซนชมวิวด้านบน สุดเก๋แน่นอน ', '1745168127_homcafe.jpg', 'ข้อมูลติดต่อ', 'ทางขึ้นวัดพระธาตุปูแจ ร้องกวาง แพร่ 54140', '089-924-9598', '08:00 - 17:00 น.', 'https://web.facebook.com/HappinesscafeAndRestaurant?_rdc=1&_rdr', 'https://maps.app.goo.gl/LoMLjgn9xTUZdrVB7', 'https://www.google.com/maps/embed?pb=!1m14!1m8!1m3!1d15159.155269628494!2d100.2859775!3d18.2196259!3m2!1i1024!2i768!4f13.1!3m3!1m2!1s0x30d895f2471b66cf%3A0xc666337b69e04754!2z4Lir4Lit4Lih4LiE4Liy4LmA4Lif4LmIIOC5geC4nuC4o-C5iA!5e0!3m2!1sth!2sth!4v1745168016908!5m2!1sth!2sth', 'skyway', 'travelprogram'),
(22, 'ม่อนแม่เติ๊ก ที่พัก ร้านกาแฟ ถนนลอยฟ้าแพร่', 'มาถึงจุดสุดท้าย ม่อนแม่เติ๊ก เป็นทั้งที่พัก ร้านกาแฟ ร้านอาหารตามสั่ง มองเห็นวิวภูเขาที่สวยงามเช่นกัน หากไม่ได้พักเสียค่าเข้า 20 บาท แวะมานั่งจิบเครื่องดื่ม ชมวิว ลมพัดเย็นสบายมาก มาถึงจุดสุดท้าย ม่อนแม่เติ๊ก เป็นทั้งที่พัก ร้านกาแฟ ร้านอาหารตามสั่ง มองเห็นวิวภูเขาที่สวยงามเช่นกัน หากไม่ได้พักเสียค่าเข้า 20 บาท แวะมานั่งจิบเครื่องดื่ม ชมวิว ลมพัดเย็นสบายมาก ราคาเริ่มต้น 500 บาท', '1745168304_skyway6.jpg', 'ข้อมูลติดต่อ', '1024 ตำบล บ้านเวียง อำเภอ ร้องกวาง แพร่ 54140', '097-168-4493', 'Open 06:30 A.M. Close 09:30 P.M.', 'https://web.facebook.com/p/%E0%B8%A1%E0%B9%88%E0%B8%AD%E0%B8%99%E0%B9%81%E0%B8%A1%E0%B9%88%E0%B9%80%E0%B8%95%E0%B8%B4%E0%B9%8A%E0%B8%81-%E0%B9%81%E0%B8%84%E0%B8%A1%E0%B8%9B%E0%B9%8C%E0%B8%9B%E0%B8%B4%E0%B9%89%E0%B8%87%E0%B9%81%E0%B8%9E%E0%B8%A3%E0%B9%88-1', 'https://maps.app.goo.gl/DHcvucGgJzNswgzu6', 'https://www.google.com/maps/embed?pb=!1m18!1m12!1m3!1d3790.3994055395847!2d100.38219827518374!3d18.19156068283931!2m3!1f0!2f0!3f0!3m2!1i1024!2i768!4f13.1!3m3!1m2!1s0x30d89744cd4b8c6b%3A0x7c69d461d8b355f9!2z4Lih4LmI4Lit4LiZ4LmB4Lih4LmI4LmA4LiV4Li04LmK4LiB!5e0!3m2!1sth!2sth!4v1745168225847!5m2!1sth!2sth', 'skyway', 'travelprogram'),
(23, 'คุ้มเจ้าหลวง', 'คุ้มเจ้าหลวง มีลักษณะเป็นอาคารไม้ 2 ชั้น โอ่โถง สง่างาม ประดับด้วยไม้แกะฉลุสลักลวดลายอย่างประณีตสวยงาม เป็นสถาปัตยกรรมสมัยรัชกาลที่ 5 ยุคต้น สร้างโดยช่างฝีมือชาวจีนที่มีชื่อเสียงมากในสมัยนั้น ภายในอาคารมีประตูหน้าต่างทั้งหมด 72 บาน โดยประตูแต่ละบานนั้นมีชื่อเรียกที่นิยมตั้งให้เป็นสิริมงคลแตกต่างกันไป เริ่มสร้างในปี พ.ศ.2435 โดยเจ้าหลวงพิริยะเทพวงศ์ เจ้าเมืองแพร่องค์สุดท้าย คุ้มแห่งนี้', '1745168588_khumchaoluang.jpg', 'ข้อมูลติดต่อ', 'เลขที่ 4 ซอยคุ้มเดิม ตำบลในเวียง อำเภอเมือง จังหวัดแพร่ 54000', ' 054-524-158', 'เปิดทุกวัน เวลา 8.30-16.30 น.', '-.', 'https://maps.app.goo.gl/HmaGdu2ZFkzNJNJ99', 'https://www.google.com/maps/embed?pb=!1m18!1m12!1m3!1d3791.4263820233523!2d100.1387616!3d18.1442619!2m3!1f0!2f0!3f0!3m2!1i1024!2i768!4f13.1!3m3!1m2!1s0x30d8c26f06b98a33%3A0x9104925132979ea2!2z4LiE4Li44LmJ4Lih4LmA4LiI4LmJ4Liy4Lir4Lil4Lin4LiH!5e0!3m2!1sth!2sth!4v1745168445873!5m2!1sth!2sth', 'khumjaoluang', 'travelprogram'),
(24, 'ก๋วยเตี๋ยวป้ายิน ประตูชัย', 'ก๋วยเตี๋ยวป้ายิน (สาขาประตูชัย) ก๋วยเตี๋ยวอร่อยๆในเมืองแพร่ โดดเด่นด้วยก๋วยเตี๋ยวเนื้อตุ๋น หมูตุ๋น สาขานี้นอกจากเมนูก๋วยเตี๋ยวแล้ว ยังมีเมนูข้าวกระเพรา ข้าวหมูกระเทียม ข้าวต้ม และต้มเลือดหมูอีกด้วย บรรยากาศร้านสะอาดสะอ้านเป็นระเบียบเรียบร้อยดี การบริการดี มื้อนี้เราสั่งก๋วยเตี๋ยวเส้นเล็กหมูรวม (50฿) เสิร์ฟมาชามใหญ่ ปริมาณเยอะ ลวกเส้นมานิ่มดีมีใส่หมูหมัก หมูตุ๋น ลูกชิ้น และเครื่องในมาให้ส่วนตัวชอบทานแบบไม่ปรุงเพิ่มค่ะ รสชาติอร่อย น้ำซุปหอมเข้มข้นอยู่แล้ว ส่วนใครจะปรุงเพิ่มยังไงก็ตามใจชอบได้เลย', '1745168755_payin.jpg', 'ข้อมูลติดต่อ', '180 ถนนรอบเมือง ตำบล ในเวียง อำเภอเมืองแพร่ แพร่ 54000', '091-073-3514', '07:00–21:00 น.', 'https://web.facebook.com/p/%E0%B8%81%E0%B9%8B%E0%B8%A7%E0%B8%A2%E0%B9%80%E0%B8%95%E0%B8%B5%E0%B9%8B%E0%B8%A2%E0%B8%A7%E0%B8%9B%E0%B9%89%E0%B8%B2%E0%B8%A2%E0%B8%B4%E0%B8%99-%E0%B8%AA%E0%B8%B2%E0%B8%82%E0%B8%B2-%E0%B8%9B%E0%B8%A3%E0%B8%B0%E0%B8%95%E0%B8%B9%', 'https://maps.app.goo.gl/2iYurMKznxcCfeMKA', 'https://www.google.com/maps/embed?pb=!1m14!1m8!1m3!1d473.9328980652858!2d100.1414054!3d18.1425647!3m2!1i1024!2i768!4f13.1!3m3!1m2!1s0x30d8c395971e29fb%3A0x5b557b03fabb76b0!2z4LiB4LmL4Lin4Lii4LmA4LiV4Li14LmL4Lii4Lin4Lib4LmJ4Liy4Lii4Li04LiZIOC4m-C4o-C4sOC4leC4ueC4iuC4seC4og!5e0!3m2!1sth!2sth!4v1745168659898!5m2!1sth!2sth', 'khumjaoluang', 'travelprogram'),
(25, 'จินเจอร์เบรดเฮ้าส์ คาเฟ่ แอนด์ แกลลอรี่', 'วันหยุดนี้ใครมีแพลนมาเที่ยวแพร่ เมืองรองเล็กๆ ทางภาคเหนือที่เต็มไปด้วยที่เที่ยวทางธรรมชาติมากมายแล้วกำลังหาที่พักใจกลางเมือง เราอยากแนะนำให้คุณมานอนชิลๆ ที่ Gingerbread House B&B (จินเจอร์เบรด เฮาส์ บีแอนด์บี) ที่พักพร้อมคาเฟ่ในตัวเมืองแพร่ที่ตกแต่งตามฉบับวิถีพื้นเมืองอย่างลงตัว  ราคาเริ่มต้น 800 บาท ', '1745168933_gingerbread.jpg', 'ข้อมูลติดต่อ', '94/1 ซ. เจริญเมือง ตำบล ในเวียง อำเภอเมืองแพร่ แพร่ 54000', ' 054-523-671', '07:30-20:00 น. ทุกวัน', 'https://web.facebook.com/GingerbreadPhrae/?_rdc=1&_rdr', 'https://maps.app.goo.gl/qa8MLdEryFQy8Jiz9', 'https://www.google.com/maps/embed?pb=!1m14!1m8!1m3!1d7583.042869222071!2d100.1421419!3d18.1398781!3m2!1i1024!2i768!4f13.1!3m3!1m2!1s0x30d8c26c0311a623%3A0xec2f9deeef1f692b!2zR2luZ2VyYnJlYWQgSG91c2UgUGhyYWUgLSDguIjguLTguJnguYDguIjguK3guKPguYzguYDguJrguKPguJQg4LmA4Liu4LmJ4Liy4Liq4LmMIOC5geC4nuC4o-C5iA!5e0!3m2!1sth!2sth!4v1745168864688!5m2!1sth!2sth', 'khumjaoluang', 'travelprogram'),
(26, 'วัดจอมสวรรค์ แพร่ วัดโบราณ งดงามด้วยศิลปะพม่า', 'วัดจอมสวรรค์ ตั้งอยู่บนถนนยันตรกิจโกศล ตำบลในเวียง อำเภอเมือง จังหวัดแพร่ อยู่ห่างจากศาลากลางจังหวัด 1 กิโลเมตร เป็นวัดเก่าแก่สร้างด้วยศิลปะพุกาม (พม่า) มีศิลปวัตถุและโบราณวัตถุที่สวยงามและทรงคุณค่า วัดนี้พิเศษ คือ มีเพียงอุโบสถไม้หลังเดียวซึ่งเป็นทั้งโบสถวิหารและกุฏิ อยู่ในอาคารเดียวกัน ตัวอาคารสร้างด้วยไม้สักทั้งหลัง มีหลังคาเล็กใหญ่ลดหลั่นกันเป็นชั้นรวม 9 ชั้น ปัจจุบันกรมศิลปากรได้ทำการขึ้นทะเบียนโบราณสถานวัดจอมสวรรค์ไว้เป็นสมบัติของชาติเมื่อวันที่ 27 สิงหาคม 2527', '1745169644_chomsawan.jpg', 'ข้อมูลติดต่อ', 'ตำบลทุ่งกวาว อำเภอเมืองแพร่ จังหวัดแพร่ 54000', '-.', '08.00-17.00 น.', 'https://web.facebook.com/WadCxmSwrrkh/?_rdc=1&_rdrhttps://web.facebook.com/WadCxmSwrrkh/?_rdc=1&_rdr', 'https://maps.app.goo.gl/VPS2f6dL6UkU7dZm9', 'https://www.google.com/maps/embed?pb=!1m18!1m12!1m3!1d3791.293787823353!2d100.15102780000001!3d18.150375399999998!2m3!1f0!2f0!3f0!3m2!1i1024!2i768!4f13.1!3m3!1m2!1s0x30d8c20c60a0c505%3A0xc9ed11fb93c90eec!2z4Lin4Lix4LiU4LiI4Lit4Lih4Liq4Lin4Lij4Lij4LiE4LmM!5e0!3m2!1sth!2sth!4v1745169551340!5m2!1sth!2sth', 'chomsawan', 'travelprogram'),
(27, 'ร้านลูกแก้ว', 'ร้านอาหารลูกแก้วเปิดให้บริการตั้งแต่ปี 38 จนถึงปัจจุบัน ร้านพร้อมรับจัดโต๊ะนอกสถานที่ติดต่อสำรองจองโต๊ะได้ที่ เบอร์ 089-5614615 เจ๊เรณู ได้ตลอด', '1745169901_marble.jpg', 'ข้อมูลติดต่อ', ' เลขที่ 170 58-59 ถนน ยันตรกิจโกศล ตำบล ทุ่งกวาว อำเภอเมืองแพร่ จังหวัดแพร่ 54000', '089-561-4615', ' 16:00–2:00น.', '089-561-4615', 'https://maps.app.goo.gl/qLbpzfNESwk1YNf88', 'https://www.google.com/maps/embed?pb=!1m14!1m8!1m3!1d3791.3669211348715!2d100.147133!3d18.1470037!3m2!1i1024!2i768!4f13.1!3m3!1m2!1s0x30d8c39c9896e929%3A0xc915390186ea8741!2z4Lij4LmJ4Liy4LiZ4Lil4Li54LiB4LmB4LiB4LmJ4Lin!5e0!3m2!1sth!2sth!4v1745169870192!5m2!1sth!2sth', 'chomsawan', 'travelprogram'),
(28, ' โรงแรมแม่ยมพาเลส', 'ร้านอาหารลูกแก้วเปิดให้บริการตั้งแต่ปี 38 จนถึงปัจจุบัน ร้านพร้อมรับจัดโต๊ะนอกสถานที่ติดต่อสำรองจองโต๊ะได้ที่ เบอร์ 089-5614615 เจ๊เรณู ได้ตลอด', '1745170044_maeyom.jpg', 'ข้อมูลติดต่อ', '181/6 ถนน ยันตรกิจโกศล ตำบล ในเวียง อำเภอเมืองแพร่ แพร่ 54000', '054-521-028', 'เวลาเช็คอิน: 14:00 เวลาเช็คเอาต์: 12:00', 'https://www.maeyompalace.com/', 'https://maps.app.goo.gl/UX11t7CZdYw7SEEd9', 'https://www.google.com/maps/embed?pb=!1m14!1m8!1m3!1d7582.614226351822!2d100.1464126!3d18.1497611!3m2!1i1024!2i768!4f13.1!3m3!1m2!1s0x30d8c20d23670929%3A0x47137a7db5ddc8d7!2z4LmC4Lij4LiH4LmB4Lij4Lih4LmB4Lih4LmI4Lii4Lih4Lie4Liy4LmA4Lil4Liq!5e0!3m2!1sth!2sth!4v1745169971658!5m2!1sth!2sth', 'chomsawan', 'travelprogram');

-- --------------------------------------------------------

--
-- Table structure for table `travelprogram_images`
--

CREATE TABLE `travelprogram_images` (
  `id` int(11) NOT NULL,
  `travelprogram_id` int(11) DEFAULT NULL,
  `image_path` varchar(255) NOT NULL
) ENGINE=InnoDB DEFAULT CHARSET=utf8 COLLATE=utf8_general_ci;

--
-- Dumping data for table `travelprogram_images`
--

INSERT INTO `travelprogram_images` (`id`, `travelprogram_id`, `image_path`) VALUES
(1, 1, '1745163338_watchorhae1.jpg'),
(2, 1, '1745163338_watchorhae2.jpg'),
(3, 1, '1745163338_watchorhae3.jpg'),
(4, 2, '1745163521_hommaekorn0.jpg'),
(5, 2, '1745163521_hommaekorn1.jpg'),
(6, 2, '1745163521_hommaekorn2.jpg'),
(7, 2, '1745163521_hommaekorn3.jpg'),
(8, 2, '1745163521_hommaekorn4.jpg'),
(9, 3, '1745163687_aylachalet1.jpg'),
(10, 3, '1745163687_aylachalet2.jpg'),
(11, 4, '1745164226_phaemuangphi1.jpg'),
(12, 4, '1745164226_phaemuangphi2.jpeg'),
(13, 4, '1745164226_phaemuangphi3.webp'),
(14, 5, '1745164399_allmourloftcafe1.jpg'),
(15, 5, '1745164399_allmourloftcafe2.jpg'),
(16, 5, '1745164399_allmourloftcafe3.jpg'),
(17, 6, '1745164688_huernkanthong1.webp'),
(18, 6, '1745164688_huernkanthong2.webp'),
(19, 6, '1745164688_huernkanthong3.jpg'),
(20, 6, '1745164688_huernkanthong3.webp'),
(21, 6, '1745164688_huernkanthong4.jpg'),
(22, 6, '1745164688_huernkanthong5.jpg'),
(23, 6, '1745164688_huernkanthong6.jpg'),
(24, 7, '1745164945_wichairacha1.jpeg'),
(25, 7, '1745164945_wichairacha1.jpg'),
(26, 7, '1745164945_wichairacha2.jpg'),
(27, 7, '1745164945_wichairacha3.jpg'),
(28, 7, '1745164945_wichairacha4.jpg'),
(29, 8, '1745165156_khaosoi1.jpg'),
(30, 8, '1745165156_khaosoi2.jpg'),
(31, 8, '1745165156_khaosoi3.jpg'),
(32, 8, '1745165156_khaosoi4.jpg'),
(33, 9, '1745165320_tarisart1.jpg'),
(34, 9, '1745165320_tarisart2.jpg'),
(35, 9, '1745165320_tarisart3.jpeg'),
(36, 10, '1745165503_phanangkhoicave1.jpg'),
(37, 10, '1745165503_phanangkhoicave2.jpg'),
(38, 10, '1745165503_phanangkhoicave3.jpg'),
(39, 10, '1745165503_phanangkhoicave4.jpg'),
(40, 10, '1745165503_phanangkhoicave5.jpg'),
(41, 11, '1745165834_phoomjai1.jpg'),
(42, 11, '1745165834_phoomjai2.jpg'),
(43, 11, '1745165834_phoomjai3.jpg'),
(44, 11, '1745165834_phoomjai4.jpg'),
(45, 11, '1745165834_phoomjai5.jpg'),
(46, 11, '1745165834_phoomjai6.jpg'),
(47, 12, '1745166070_pairphumburi1.jpg'),
(48, 12, '1745166070_pairphumburi2.jpg'),
(49, 12, '1745166070_pairphumburi3.jpg'),
(50, 13, '1745166276_nakhuha1.jpg'),
(51, 13, '1745166276_nakhuha2.jpg'),
(52, 13, '1745166276_nakhuha3.webp'),
(53, 13, '1745166276_nakhuha4.webp'),
(54, 13, '1745166276_nakhuha5.jpg'),
(55, 13, '1745166276_nakhuha5.webp'),
(56, 13, '1745166276_nakhuha6.jpg'),
(57, 14, '1745166488_nakhuha8.jpg'),
(58, 14, '1745166488_nakhuha9.jpg'),
(59, 14, '1745166488_nakhuha10.jpg'),
(60, 14, '1745166488_nakhuha11.jpg'),
(61, 15, '1745166699_suanglangna0.jpg'),
(62, 15, '1745166699_suanglangna1.jpg'),
(63, 15, '1745166699_suanglangna2.jpg'),
(64, 15, '1745166699_suanglangna3.jpg'),
(65, 15, '1745166699_suanglangna4.jpg'),
(66, 15, '1745166699_suanglangna5.jpg'),
(67, 16, '1745166865_watsawanniwet1.jpg'),
(68, 16, '1745166865_watsawanniwet2.jpg'),
(69, 16, '1745166865_watsawanniwet3.jpg'),
(70, 16, '1745166865_watsawanniwet4.jpg'),
(71, 16, '1745166865_watsawanniwet5.jpg'),
(72, 17, '1745167106_hom1.jpg'),
(73, 17, '1745167106_hom2.jpg'),
(74, 17, '1745167106_hom3.jpg'),
(75, 17, '1745167106_hom4.jpg'),
(76, 17, '1745167106_hom5.jpg'),
(77, 17, '1745167106_hom6.jpg'),
(78, 18, '1745167308_huernnana1.jpg'),
(79, 18, '1745167308_huernnana2.jpg'),
(80, 18, '1745167308_huernnana3.jpg'),
(81, 19, '1745167721_skyway2.jpg'),
(82, 19, '1745167721_skyway3.jpg'),
(83, 19, '1745167721_skyway4.jpg'),
(84, 19, '1745167721_skyway5.jpg'),
(85, 20, '1745167917_pujae1.jpg'),
(86, 20, '1745167917_pujae2.jpg'),
(87, 20, '1745167917_pujae3.jpg'),
(88, 20, '1745167917_pujae4.jpg'),
(89, 21, '1745168127_homcafe1.jpg'),
(90, 21, '1745168127_homcafe2.jpg'),
(91, 21, '1745168127_homcafe3.jpg'),
(92, 21, '1745168127_homcafe4.jpg'),
(93, 21, '1745168127_homcafe5.jpg'),
(94, 22, '1745168304_skyway7.jpg'),
(95, 22, '1745168304_skyway8.webp'),
(96, 22, '1745168304_skyway9.jpg'),
(97, 22, '1745168304_slope.jpg'),
(98, 23, '1745168588_khumchaoluang1.jpg'),
(99, 23, '1745168588_khumchaoluang2.jpg'),
(100, 23, '1745168588_khumchaoluang3.jpg'),
(101, 23, '1745168588_khumjaoluang1.jpg'),
(102, 23, '1745168588_khumjaoluang3.jpg'),
(103, 24, '1745168755_Payin1.jpg'),
(104, 24, '1745168755_Payin2.jpg'),
(105, 24, '1745168755_Payin3.jpg'),
(106, 24, '1745168755_Payin4.jpg'),
(107, 25, '1745168933_gingerbread1.jpg'),
(108, 25, '1745168933_gingerbread2.jpeg'),
(109, 25, '1745168933_gingerbread3.jpeg'),
(110, 25, '1745168933_gingerbread4.jpg'),
(111, 26, '1745169645_chomsawan1.jpg'),
(112, 26, '1745169645_chomsawan2.jpg'),
(113, 26, '1745169645_chomsawan3.jpg'),
(114, 26, '1745169645_chomsawan4.jpg'),
(115, 27, '1745169901_marble1.jpg'),
(116, 27, '1745169901_marble2.jpg'),
(117, 27, '1745169901_marble3.jpg'),
(118, 28, '1745170044_maeyom1.jpg'),
(119, 28, '1745170044_maeyom2.jpg'),
(120, 28, '1745170044_maeyom3.jpg'),
(123, 1, '68181f5c6ce68_chorhae1.jpg');

-- --------------------------------------------------------

--
-- Table structure for table `travel_db`
--

CREATE TABLE `travel_db` (
  `travel_db_id` int(11) NOT NULL,
  `heading` varchar(255) NOT NULL,
  `details` text NOT NULL,
  `main_image` text DEFAULT NULL,
  `name` varchar(255) NOT NULL,
  `description` text NOT NULL,
  `subtopic` varchar(255) NOT NULL,
  `location` varchar(255) NOT NULL,
  `phone` char(13) NOT NULL,
  `opening_time` varchar(255) NOT NULL,
  `website` varchar(255) NOT NULL,
  `coordinates` varchar(255) NOT NULL,
  `map` text NOT NULL,
  `district` varchar(255) NOT NULL,
  `category` varchar(255) NOT NULL
) ENGINE=InnoDB DEFAULT CHARSET=utf8 COLLATE=utf8_general_ci;

--
-- Dumping data for table `travel_db`
--

INSERT INTO `travel_db` (`travel_db_id`, `heading`, `details`, `main_image`, `name`, `description`, `subtopic`, `location`, `phone`, `opening_time`, `website`, `coordinates`, `map`, `district`, `category`) VALUES
(1, 'จุดเช็คอิน อำเภอเมืองแพร่ อำเภอที่เต็มไปด้วยสถานที่ท่องเที่ยวมากมาย', '', '1745414966_mueang.jpg', 'วัดพระธาตุช่อแฮ พระอารามหลวง', 'อีกหนึ่งที่เที่ยวแพร่ที่ต้องอยู่ในลิสต์เมื่อจะมาเที่ยวแพร่คือ วัดดังอย่างวัดพระธาตุช่อแฮ วัดศักดิ์สิทธิ์ เก่าแก่ คู่บ้าน คู่เมืองจังหวัดแพร่ โดยวัดพระธาตุช่อแฮเป็นวัดพระธาตุประจำปีเกิดของปีขาล องค์พระธาตุช่อแฮเป็นเจดีย์แบบศิลปะเชียงแสน องค์พระธาตุสูง 33 เมตร ฐานสี่เหลี่ยมกว้างด้านละ 11 เมตร มีฐานบัวคว่ำ และชุดท้องไม้แปดเหลี่ยมซ้อนลดชั้นกันขึ้นไป 7 ชั้น ยอดฉัตรประดับตกแต่งด้วยเครื่องบนแบบล้านนา ทุกปีจะมีการจัดงานประเพณีการไหว้พระธาตุช่อแฮ มีขบวนแห่ที่ยิ่งใหญ่ มีการฟ้อนรำ หากอยากเห็นความสวยงามของงารประเพณีไหว้พระธาตุช่อแฮ ก็ให้มาในช่วงวันขึ้น 9 ค่ำเดือน 6เหนือ เดือน 4 ของทุกปี', 'ข้อมูลติดต่อ', ' 1 หมู่ 11 ตำบลช่อแฮ อำเภอเมืองแพร่ จังหวัดแพร่ 54000', ' 054-599-209', 'ทุกวัน 06.00-19.00 น.', 'https://web.facebook.com/Watphrathatchohae/?locale=th_TH&_rdc=1&_rdr', 'https://maps.app.goo.gl/RXuFe4MEVGboUo3t9', 'https://www.google.com/maps/embed?pb=!1m18!1m12!1m3!1d3792.6761528377365!2d100.2047003!3d18.086540799999998!2m3!1f0!2f0!3f0!3m2!1i1024!2i768!4f13.1!3m3!1m2!1s0x30d8c1d7a684003b%3A0xb2a0129506faff44!2z4Lin4Lix4LiU4Lie4Lij4Liw4LiY4Liy4LiV4Li44LiK4LmI4Lit4LmB4LiuIOC4nuC4o-C4sOC4reC4suC4o-C4suC4oeC4q-C4peC4p-C4hw!5e0!3m2!1sth!2sth!4v1745414920069!5m2!1sth!2sth', 'mueangphrae', 'travel_db'),
(2, '', '', NULL, 'กาดกองเก่า', 'กาดกองเก่าหรือถนนคนเดินเมืองแพร่ สองข้างทางเต็มไปด้วยร้านค้าของชาวพื้นเมือง มีอาหารสด มีเสื้อผ้า มีร้านอาหาร มีร้านกาแฟ มีโต๊ะสำหรับซื้ออาหารมานั่งทาน มีกิจกรรมสันทนาการของคนในชุมชน ถนนคนเดินเมืองแพร่จะมีแค่วันเสาร์วันเดียวเท่านั้น เริ่มตั้งแต่ 16.00 - 20.00 น. หากมาที่แพร่แล้วอีกหนึ่งจุดเช็คอินที่ต้องมาคือที่กาดกองเก่าเลย', 'ข้อมูลติดต่อ', 'คำลือ ตำบลในเวียง อำเภอเมืองแพร่ จังหวัดแพร่ 54000', '-.', '15:30–21:00 น.', '-.', 'https://maps.app.goo.gl/nEMLZypHSr13X9mt7', 'https://www.google.com/maps/embed?pb=!1m18!1m12!1m3!1d3791.451804986333!2d100.13604!3d18.1430895!2m3!1f0!2f0!3f0!3m2!1i1024!2i768!4f13.1!3m3!1m2!1s0x30d8c265c29366ef%3A0xc864ec176762e4f4!2z4LiB4Liy4LiU4LiB4Lit4LiH4LmA4LiB4LmI4LiyIOC5geC4nuC4o-C5iA!5e0!3m2!1sth!2sth!4v1745415110560!5m2!1sth!2sth', 'mueangphrae', 'travel_db'),
(3, '', '', NULL, 'วนอุทยานแพะเมืองผี', 'เกิดจากดินและหินทรายที่ถูกกัดเซาะตามธรรมชาติ สูงต่ำสลับกันไป เป็นรูปร่างแปลกตา โดยคำว่า “แพะเมืองผี” นั้นมีที่มาที่ไปจากภาษาพื้นเมือง คำว่า “แพะ” หมายถึง ป่าละเมาะ “เมืองผี” หมายถึง เงียบเหงา จึงเป็นชื่อที่มาของที่นี่ วนอุทยานแพะเมืองผีมีเส้นทางศึกษาธรรมชาติสำหรับนักเรียน นักศึกษา และนักท่องเที่ยวให้ได้มาศึกษาสภาพธรณีวิทยา สภาพป่าอีกด้วย ส่วนนักท่องเที่ยวทั่วไปก็นิยมมาชมความสวยงาม และถ่ายรูป เช็คอินเป็นที่ระลึก บริเวณด้านหน้าทางเข้าวนอุทยานแพะเมืองผี มีที่จอดรถขนาดใหญ่ มีร้านค้าเรียงราย ทั้งร้านอาหาร ร้านขายของที่ระลึก', 'ข้อมูลติดต่อ', ' ตำบล น้ำชำ อำเภอเมืองแพร่ จังหวัดแพร่ 54000', '081-757-8066', '08.00-17.00 น.', 'https://web.facebook.com/Phaemuangphi/?locale=th_TH&_rdc=1&_rdr', 'https://maps.app.goo.gl/3gJkKZdmH4kPDsR6A', 'https://www.google.com/maps/embed?pb=!1m18!1m12!1m3!1d3790.556508795082!2d100.20869757518356!3d18.184332782845264!2m3!1f0!2f0!3f0!3m2!1i1024!2i768!4f13.1!3m3!1m2!1s0x30d8ea5f23a97e0f%3A0x20a3e2dafaf2086e!2z4LmB4Lie4Liw4LmA4Lih4Li34Lit4LiH4Lic4Li1!5e0!3m2!1sth!2sth!4v1745415239946!5m2!1sth!2sth', 'mueangphrae', 'travel_db'),
(4, '', '', NULL, 'คุ้มวงศ์บุรี', 'คุ้มวงศ์บุรี หรือ บ้านวงศ์บุรี เป็นอาคารเก่ากว่า 100 ปี โดดเด่นด้วยเรือนไม้สักทองขนาดใหญ่ 2 ชั้นทรงไทยล้านนาผสมยุโรปสีชมพู ประดับตกตกแต่งลวดลายด้วยไม้ฉลุที่เรียกว่าลาย “ขนมปังขิง” อยู่ทั่วตัวอาคาร ดูสวยงาม เป็นพิพิธภัณฑ์ส่วนบุคคลที่จัดประวัติความเป็นมาของบ้าน วิถีชีวิตของเจ้านายในอดีต มีข้าวของเครื่องใช้ที่ใช้จริงให้ได้ชม ที่นี่เปิดทุกวันตั้งแต่เวลา 09.00 - 17.00 น. มีค่าเข้าชม 30 บาท', 'ข้อมูลติดต่อ', '50 คำลือ ตำบลในเวียง อำเภอเมืองแพร่ แพร่ 54000', '088-664-5444', '09.00-17.00 น.', 'https://web.facebook.com/vongburihouse/?_rdc=1&_rdr', 'https://maps.app.goo.gl/5DWvoR3Pv4b1XiY98', 'https://www.google.com/maps/embed?pb=!1m18!1m12!1m3!1d3791.4447320177464!2d100.13376857518256!3d18.143415682878498!2m3!1f0!2f0!3f0!3m2!1i1024!2i768!4f13.1!3m3!1m2!1s0x30d8c265d7989841%3A0x507f96f4ae5c89f5!2sVongburi%20House%20Museum!5e0!3m2!1sth!2sth!4v1745415380009!5m2!1sth!2sth', 'mueangphrae', 'travel_db'),
(5, 'จุดเช็คอิน อำเภอร้องกวาง ที่นี่มีสถานที่ท่องเที่ยวหลากหลาย ไม่ว่าจะเป็นเส้นทางศรัทธา เส้นทางท่องเที่ยวตามตำนานเล่าขาน และแหล่งท่องเที่ยวทางธรรมชาติ', '', '1745415573_rongkwang1.jpg', 'ถ้ำผานางคอย', 'ที่เที่ยวแพร่อีกหนึ่งที่ไม่ควรพลาดชม คือถ้ำผานางคอย โดยตำนานเล่าว่า มีพระราชธิดาองค์หนึ่งทรงสำราญมาทางชลมารคแต่เรือล่มมี หัวหน้าฝีพายหนุ่มช่วยพระนางเอาและทั้งคู่ตกหลุมรักกัน ประพฤติล่วงราชประเพณีผิดกฎมณเฑียรบาลจึงถูกลงโทษขณะตั้งครรภ์ หัวหน้าฝีพายหนุ่มไปช่วยและหนีออกมาด้วยกัน แต่ทหารตามมาพบแล้วจะยิงหัวหน้าฝีพายหนุ่มคนนี้ แต่พลาดไปถูกพระราชธิดา หัวหน้าฝีพายพาพระราชธิดามาหลบในถ้ำและพูดกับหัวหน้าฝีพายว่า “หญิงจะรออยู่ที่นี่กัลปวสาน” ด้วยแรงอธิฐานของพระราชธิดาจึงกลายเป็นหินอยู่ในถ้ำ จนเกิดเป็นชื่อถ้ำนี้ขึ้นมา โดยที่ถ้ำผานางคอยนี้เป็นภูเขาหินปูนมีหินงอกหินย้อยที่สวยงาม อยู่ท่ามกลางป่าไม้ธรรมชาติ มีจุดให้เที่ยวชมภายในถ้ำ 13 จุด โดยแต่ละจุดมีชื่อเรียกที่แตกต่างกันออกไป', 'ข้อมูลติดต่อ', ' บ้านแม่ทราย-บ้านแม่ยางโพธิ์ ถนนท้องถิ่น พร. 1004 ตำบลร้องกวาง อำเภอร้องกวาง แพร่ 54140', '-.', '8:30–17:00 น.', '-.', 'https://maps.app.goo.gl/skvmWCWUJtNJLkRK6', 'https://www.google.com/maps/embed?pb=!1m18!1m12!1m3!1d3786.5201837757013!2d100.3537429!3d18.369161700000003!2m3!1f0!2f0!3f0!3m2!1i1024!2i768!4f13.1!3m3!1m2!1s0x30d88d768047f871%3A0x4d083ac85c25fc33!2z4LiW4LmJ4Liz4Lic4Liy4LiZ4Liy4LiH4LiE4Lit4Lii!5e0!3m2!1sth!2sth!4v1745413531125!5m2!1sth!2sth', 'rongkwang', 'travel_db'),
(6, '', '', NULL, ' น้ำตกห้วยโรง', ' น้ำตกห้วยโรง เป็นน้ำตกสวยขนาดกลาง มีน้ำไล่ลดหลั่นลงมา 2 ชั้น สูง 15 เมตร ซ่อนตัวอยู่ในเขต สวนรุกขชาติห้วยโรง ซึ่งอยู่ในบริเวณของ ป่าสงวนแห่งชาติป่าแม่คำมี สมัยก่อนเคยมีร้านค้าแผงลอย และสิ่งปลูกสร้างในบริเวณน้ำตก แต่หลังจากที่ สำนักงานป่าไม้จังหวัดแพร่ เข้ามาพัฒนา และรื้อถอนสิ่งก่อสร้างเหล่านั้นออก จึงทำให้บรรยากาศโดยรอบของ น้ำตกห้วยโรง กลับคืนสู่ความเป็นธรรมชาติอีกครั้ง สวนรุกขชาติห้วยโรง ตั้งขึ้นในปี พ.ศ. 2518 สภาพภูมิประเทศทั่วไปเป็นพื้นที่ราบ มีป่าดิบแล้งริมลำธารที่มีพรรณไม้มากกว่า 100 ชนิด เช่น ไม้สัก มะค่าโมง ยมหอม ยมหิน มะซาง จำปีป่า และไม้พันธุ์หายากอื่นๆ อีกมากมาย บ่งบอกถึงความอุดมสมบูรณ์ของผืนป่าแห่งนี้เป็นอย่างดี', 'ข้อมูลติดต่อ', ' ตำบลห้วยโรง อำเภอร้องกวาง จังหวัดแพร่ 54140', ' 0-5451-6912', '08.00-18.00 น.', '-.', 'https://maps.app.goo.gl/grcaBK8kgAMyMva78', 'https://www.google.com/maps/embed?pb=!1m18!1m12!1m3!1d3784.9217864943066!2d100.4502806!3d18.44186!2m3!1f0!2f0!3f0!3m2!1i1024!2i768!4f13.1!3m3!1m2!1s0x30d886190a180e45%3A0x7e2e4da9adb6be0c!2z4Liq4Lin4LiZ4Lij4Li44LiB4LiC4LiK4Liy4LiV4Li04Lir4LmJ4Lin4Lii4LmC4Lij4LiHICjguJnguYnguLPguJXguIHguKvguYnguKfguKLguYLguKPguIcp!5e0!3m2!1sth!2sth!4v1745416880308!5m2!1sth!2sth', 'rongkwang', 'travel_db'),
(7, '', '', NULL, 'วัดพระธาตุปูแจ', 'วัดพระธาตุปูแจ ตั้งอยู่ที่ บ้านบุญเริง ตำบลบ้านเวียง อำเภอร้องกวาง จังหวัดแพร่ ซึ่งสถานที่นี้กรมศิลปากรได้ขึ้นทะเบียนรับรองให้เป็น โบราณสถานแห่งชาติ แล้ว เพราะว่าที่นี่มี พระธาตุปูแจ ประดิษฐานอยู่นั่นเองค่ะ โดยเจดีย์จะเป็นทรงสี่เหลี่ยมจัตุรัส ยาวด้านละ 4 เมตร สูง 4 เมตร ด้านในบรรจุพระธาตุตาตุ่มข้างขวา หรือ กระดูกข้อเท้าขององค์พระสัมมาสัมพุทธเจ้า ซึ่งถือได้ว่าเป็นโบราณสถานที่สำคัญของ จังหวัดแพร่ เลย เพราะสร้างมาตั้งแต่โบราณแล้ว มีอายุหลายร้อยกว่าปี รวมถึงในทุกยุคนั้นเจ้าเมืองนครแพร่หลายๆ พระองค์ก็ได้บูรณปฏิสังขรณ์กันอยู่ตลอดมา และยังมีงานใหญ่ที่จัดขึ้นเป็นประจำด้วย คือ งานนมัสการพระธาตุปูแจ หรือ งานขึ้นพระธาตุ โดยจะตรงกับวันขึ้น 11-15 ค่ำ เดือน 3 ของทุกๆ ปี ', 'ข้อมูลติดต่อ', ' หมู่ที่ 4 บ้านบุญเริง ตำบลบ้านเวียง อำเภอร้องกวาง จังหวัดแพร่ 54140', '-.', 'สามารถเข้าชมได้ตามเวลาเปิดปิดของสถานที่', 'https://web.facebook.com/people/%E0%B8%A7%E0%B8%B1%E0%B8%94%E0%B8%9E%E0%B8%A3%E0%B8%B0%E0%B8%98%E0%B8%B2%E0%B8%95%E0%B8%B8%E0%B8%9B%E0%B8%B9%E0%B9%81%E0%B8%88/100064009575888/', 'https://maps.app.goo.gl/f9BUExfoVCTSs7G99', 'https://www.google.com/maps/embed?pb=!1m14!1m8!1m3!1d15160.625604783996!2d100.2932454!3d18.2027352!3m2!1i1024!2i768!4f13.1!3m3!1m2!1s0x30d894e3563076a7%3A0x239167ff53339f7d!2z4Lin4Lix4LiU4Lie4Lij4Liw4LiY4Liy4LiV4Li44Lib4Li54LmB4LiI!5e0!3m2!1sth!2sth!4v1745417641439!5m2!1sth!2sth', 'rongkwang', 'travel_db'),
(8, 'จุดเช็คอิน อำเภอลอง อำเภอสุดสงบ งดงามธรรมชาติ', 'หากมาเที่ยวเมืองแพร่ มักนึกถึงแต่สถานที่ท่องเที่ยวในตัวเมือง แวะเที่ยววัด คุ้มอาคารเก่า และร้านกาแฟชิค แต่แพร่ไม่ได้มีดีแค่ในตัวเมือง ไม่ไกลจากตัวเมือง มีอำเภอเล็กๆที่ซ่อนตัวอย่างสงบท่ามกลางหุบเขา นามว่า อำเภอลอง แพร่ มีเรื่องราวประวัติศาสตร์อันยาวนาน มีความเป็นธรรมชาติเรียบง่ายตามแบบฉบับวิถีดั้งเดิม แต่ถ้าอยากได้ความฮิบผ่านอาคารสถาปัตยกรรมคลาสสิคและร้านกาแฟ เมืองลองก็มีให้ได้ไปโพสต์ท่าถ่ายภาพชิคๆ อยากเที่ยววัดเก่าชมวิวสวยก็มีให้ชม อยากพักผ่อนแบบสโลวไลฟ์มีที่พักโฮมสเตย์แสนอบอุ่นให้พักกายพักใจ เรียกได้ว่า อำเภอลองมีความพิเศษซ่อนอยู่มากมาย จนไม่อยากให้มองผ่านไป รีวิวนี้จะพาไปตามรอยอำเภอเก่า ที่มาของวลี “เมืองแพร่แห่ระเบิด” ที่เราคุ้นหูและผ่านตากันมาบ้างแล้ว', '1745418009_long1.jpg', 'สถานีรถไฟบ้านปิน', 'สถานีรถไฟบ้านปิน สถานีรถไฟที่มีอาคารมีเอกลักษณ์โดดเด่นด้วยศิลปะยุโรป มีอายุกว่า 100 ปี เป็นสถานีรถไฟแห่งแรกและแห่งเดียวในประเทศไทยที่สร้างด้วยสไตล์ “เฟรมเฮ้าส์” แบบบาวาเรียน หรือแบบโครงไม้ ซึ่งเป็นที่นิยมมากในแคว้นบาวาเรียของเยอรมนี ประกอบกับเมืองแพร่มีป่าไม้สักอุดมสมบูรณ์ที่สุด ทำให้เกิดแนวคิดในการออกแบบผสมผสานให้เข้ากับเรือนปั้นหยาแบบไทย ซึ่งเป็นที่นิยมอยู่ในยุคนั้นได้อย่างลงตัว ถึงแม้จะผ่านมามากกว่าร้อยปีแล้วแต่อาคารก็คงยังดูสวยงามทรงคุณค่า', 'ข้อมูลติดต่อ', ' ตำบล บ้านปิน อำเภอลอง แพร่ 54150', '-.', 'ทุกวัน', '-.', 'https://maps.app.goo.gl/Fszg7ZV9xnNvZxEx5', 'https://www.google.com/maps/embed?pb=!1m14!1m8!1m3!1d3792.474077051885!2d99.865184!3d18.0958858!3m2!1i1024!2i768!4f13.1!3m3!1m2!1s0x30d920db42db3d85%3A0xd8a9b535c35c9725!2z4Lia4LmJ4Liy4LiZ4Lib4Li04LiZ!5e0!3m2!1sth!2sth!4v1745417960185!5m2!1sth!2sth', 'long', 'travel_db'),
(9, '', '', NULL, 'พิพิธภัณฑ์โกมลผ้าโบราณ', 'อีกหนึ่งสถานที่ห้ามพลาดเมื่อมาถึงอำเภอลอง ตั้งอยู่ไม่ไกลจากร้านกาแฟแห่ระเบิด หากใครผ่านไปมาก็จะสะดุดตากับตัวอาคารมีสีเหลืองโดดเด่นเป็นเอกลักษณ์ จำลองคล้ายกับสถาปัตยกรรมของสถานีรถไฟบ้านปิน เป็นพิพิธภัณฑ์จัดแสดงผ้าซิ่นโบราณและของเก่าต่างๆ รวมถึงจำหน่ายผลิตภัณฑ์ผ้าซิ่นตีนตกสินค้าโอทอปขึ้นชื้อของเมืองลองอีกด้วย', 'ข้อมูลติดต่อ', 'ตำบล ห้วยอ้อ อำเภอลอง แพร่ 54150', '081-807-9960', '08.00 น.- 15.30 น. เข้าชมฟรี', '-.', 'https://maps.app.goo.gl/U1DfAw3yoB1zpDZV8', 'https://www.google.com/maps/embed?pb=!1m18!1m12!1m3!1d3792.5806913594024!2d99.845878!3d18.090956!2m3!1f0!2f0!3f0!3m2!1i1024!2i768!4f13.1!3m3!1m2!1s0x30d921301dd96685%3A0xf5e0896e778f7521!2z4Lie4Li04Lie4Li04LiY4Lig4Lix4LiT4LiR4LmM4LiX4LmJ4Lit4LiH4LiW4Li04LmI4LiZ4LmC4LiB4Lih4Lil4Lic4LmJ4Liy4LmC4Lia4Lij4Liy4LiT!5e0!3m2!1sth!2sth!4v1745418076610!5m2!1sth!2sth', 'long', 'travel_db'),
(10, '', '', NULL, 'พระธาตุดอยน้อย', 'พระธาตุดอยน้อย เป็นพระธาตุเก่าแก่ที่มีตำนานการเสด็จมาของพระพุทธเจ้า นอกจากองค์พระธาตุแล้ว ยังมีหลวงพ่อพุทธปิ่นทองนาคราช พระพุทธรูปขนาดใหญ่ ประดิษฐานอยู่ในเขตพื้นที่เดียวกัน มีลานชมวิวที่สามารถชมวิวของอำเภอลองได้อย่างงดงาม ในยามเช้าสามารถเห็นสายหมอกบางได้จากจุดชมวิวแห่งนี้อีกด้วย ทางขึ้นมายังพระธาตุดอยน้อย เป็นทางขึ้นเขาซึ่งไม่ชันมาก เป็นทางราดยางตลอดแต่อาจจะแคบเล็กน้อย มาถึงจะเจอกับลานจอดรถ และบันไดนาค ขึ้นไปยังพระธาตุดอยน้อย พระธาตุมีขนาดเล็กตั้งอยู่บนฐานสีขาว ยอดประดับด้วยกระเบื้อง มองเห็นวิวทิวทัศน์ได้บางส่วน', 'ข้อมูลติดต่อ', ' 43 ทางหลวงชนบท แพร่ 3030 ตำบล ห้วยอ้อ อำเภอลอง แพร่ 54150', '-.', '08:00-17:00 น. ทุกวัน', '-.', 'https://maps.app.goo.gl/W7FwPDpzguh8ANLF7', 'https://www.google.com/maps/embed?pb=!1m18!1m12!1m3!1d3791.9294459907524!2d99.87129017518208!3d18.12104908289675!2m3!1f0!2f0!3f0!3m2!1i1024!2i768!4f13.1!3m3!1m2!1s0x30d920f69e6b3975%3A0x4b824d7692e82028!2z4Lin4Lix4LiU4Lie4Lij4Liw4LiY4Liy4LiV4Li44LiU4Lit4Lii4LiZ4LmJ4Lit4LiiKOC4nuC4o-C4sOC4meC4suC4hOC4m-C4o-C4gSk!5e0!3m2!1sth!2sth!4v1745418214458!5m2!1sth!2sth', 'long', 'travel_db'),
(11, 'จุดเช็คอิน อำเภอสูงเม่น มีสถานที่ท่องเที่ยวที่น่าสนใจหลายแห่ง', 'เที่ยวจังหวัดแพร่ ต้องมาอำเภอสูงเม่น อำเภอที่เต็มไปด้วยสถาปัตยกรรมอันวิจิตรบรรจง สวยงามโดดเด่นเป็นเอกลักษณ์ สูงเม่นถิ่นตำนาน คัมภีร์ใบลานล้ำค่า บูชาพระธาตุเนิ้งคู่บ้าน ตากธรรมงานประเพณี ผลิตภัณฑ์ดีไม้สัก อนุรักษ์อ่างแม่มาน', '1745418566_sungmen1.jpg', 'วัดพระหลวงธาตุเนิ้ง', 'วัดพระหลวงเป็นโบราณสถานเก่าแก่ ภายในวัดมีองค์เจดีย์ที่มีความเอียงอย่างเห็นได้ชัดชื่อว่าพระธาตุเนิ้ง เจดีย์เป็นสถาปัตยกรรมแบบล้านนา องค์เจดีย์ก่อสร้างด้วยอิฐทรงปราสาท มีความสูง 12 วา ฐานกว้าง 6 วา 3 ศอก ลักษณะเจดีย์เป็นฐานสี่เหลี่ยมและองค์ระฆังเหลี่ยม อยู่บนฐานเขียง 4 เหลี่ยม 3 ชั้น นอกจากนี้ภายในวัดยังมีพิพิธภัณฑ์ยันต์โบราณที่จัดแสดงเสื้อยันต์โบราณและข้าวของเครื่องใช้สมัยโบราณให้ได้ชม', 'ข้อมูลติดต่อ', ' ตำบล พระหลวง อำเภอสูงเม่น แพร่ 54130', ' 094-194-2856', '-.', '-.', 'https://maps.app.goo.gl/htGVNSJQf3h8VepHA', 'https://www.google.com/maps/embed?pb=!1m18!1m12!1m3!1d3793.1616493949564!2d100.1119306!3d18.0640699!2m3!1f0!2f0!3f0!3m2!1i1024!2i768!4f13.1!3m3!1m2!1s0x30d8c483ac85942f%3A0xa3e6641e1d552925!2z4LmB4Lie4Lij4LmI4Lij4Li14Lin4Li04Lin!5e0!3m2!1sth!2sth!4v1745418415514!5m2!1sth!2sth', 'sungmen', 'travel_db'),
(12, '', '', NULL, 'สะพานไม้ไผ่บ้านปงท่าข้าม', 'สะพานไม้ไผ่บ้านปงท่าข้าม หรือขัวแตะ จุดเช็คอินแห่งใหม่ของจังหวัดแพร่ ตั้งอยู่ที่ ดอยนาฟ้าน้ำ บ้านปงท่าข้าม อำเภอสูงเม่น เป็นสะพานขัวแตะไม้ไผ่ที่ยาวที่สุดในจังหวัดแพร่ มีความยาวกว่า 500 เมตร พาดผ่านทุ่งนาเขียวขจีในพื้นที่บ้านปงท่าข้าม เป็นภาพแบบพาโนรามากว้างไกลสุดตา โดยมีทิวเขาทอดยาวเป็นฉากหลังที่แสนงดงาม', 'ข้อมูลติดต่อ', ' ตำบล บ้านปง อำเภอสูงเม่น แพร่ 54130', ' 063-112-2953', '-.', '-.', 'https://maps.app.goo.gl/gvpPdhAdkbtGVJUB6', 'https://www.google.com/maps/embed?pb=!1m18!1m12!1m3!1d3793.117784199328!2d100.07543117518071!3d18.066101282941478!2m3!1f0!2f0!3f0!3m2!1i1024!2i768!4f13.1!3m3!1m2!1s0x30d8db5507e104c5%3A0x7eb4481e2e98d06f!2z4Lia4LmJ4Liy4LiZ4Lib4LiH4LiX4LmI4Liy4LiC4LmJ4Liy4Lih!5e0!3m2!1sth!2sth!4v1745418710624!5m2!1sth!2sth', 'sungmen', 'travel_db'),
(13, 'จุดเช็คอิน อำเภอเด่นชัย ศูนย์กลางการคมนาคมของจังหวัดแพร่ ทั้งทางถนน และ ทางรถไฟ ', 'อำเภอเด่นชัย อำเภอหนึ่งของจังหวัดแพร่ เป็นศูนย์กลางการคมนาคมของจังหวัดแพร่ ทั้งทางถนน และ ทางรถไฟ มีสถานีรถไฟเด่นชัยเป็นสถานีประจำจังหวัดแพร่ และ ถนนที่เชื่อมไปยังจังหวัดต่างๆ ทั้งทางภาคเหนือตอนบน', '1745419007_denchai0.jpg', 'วัดพระธาตุสุโทนมงคลคีรี ', 'วัดพระธาตุสุโทนมงคลคีรี หรือ วัดพระธาตุสุโทนมงคลคีรีสามัคคีธรรม มีความสวยงามด้วยศิลปกรรมล้านนาประยุกต์ ภาพจิตรกรรม บนฝาผนังระเบียงคตเป็นเรื่องราวของชาดกพื้นบ้านและภาพพุทธประวัติ มีเจดีย์ทรงล้านนากว่า 30 องค์ ความสวยงามของพระธาตุ มีหลวงพ่อมนตรีควบคุม ออกแบบ และลงมือก่อสร้างด้วยตัวเอง ศิลปะและความสวยงามภายในวัดได้รับการกล่าวขานจากผู้ที่พบเห็น เป็นวัดที่ไม่ว่าจะเป็นสายบุญหรือไม่ใช่สายบุญก็ควรต้องมาชมความสวยงามให้ได้สักครั้ง', 'ข้อมูลติดต่อ', 'ตำบลไทรย้อย อำเภอเด่นชัย แพร่ 54110', '-.', '8:30–17:30 น.', 'https://web.facebook.com/people/%E0%B8%A7%E0%B8%B1%E0%B8%94%E0%B8%9E%E0%B8%A3%E0%B8%B0%E0%B8%98%E0%B8%B2%E0%B8%95%E0%B8%B8%E0%B8%AA%E0%B8%B8%E0%B9%82%E0%B8%97%E0%B8%99%E0%B8%A1%E0%B8%87%E0%B8%84%E0%B8%A5%E0%B8%84%E0%B8%B5%E0%B8%A3%E0%B8%B5/100064943432001', 'https://maps.app.goo.gl/oKfu42QWhzvsjWcR9', 'https://www.google.com/maps/embed?pb=!1m14!1m8!1m3!1d7590.1355162629425!2d100.0145778!3d17.9755843!3m2!1i1024!2i768!4f13.1!3m3!1m2!1s0x30d8d09da407ccc7%3A0x8ad1c69145e9c745!2z4Lin4Lix4LiU4Lie4Lij4Liw4LiY4Liy4LiV4Li44Liq4Li44LmC4LiX4LiZ4Lih4LiH4LiE4Lil4LiE4Li14Lij4Li1!5e0!3m2!1sth!2sth!4v1745418904506!5m2!1sth!2sth', 'denchai', 'travel_db'),
(14, '', '', NULL, 'สวนดอกไม้ชาลี', 'วันนี้มาแจกพิกัด หุบเขาแห่งดอกไม้ ระหว่างทางเด่นชัย-แพร่ มุ่งหน้าขาเข้า กทม. หรือก่อนถึงจุดตรวจห้วยไร่ ?สวนดอกไม้หลากสีแต่ที่โดดเด่นคือดอกมากาเร็ตสีมวง และดอกเก็กฮวยสีเหลืองเบ่งบานเต็มเขา รวมถึงดอกเสี้ยนฝรั่ง ดอกฮอลลี่ล็อค ดอกกุหลาบ และอีกหลากหลายสายพันธ์?ค่าชมสวน 50 บาท/ท่าน มีพร็อบน่ารักๆใชถ่ายรูปให้บริการด้วยนะ?ด้านหน้าก่อนกลับ มีร้านของฝาก เช่น สตอเบอรี่ พืชผัก ต้นไม้ดอก ชุดพื้นเมืองชนเผ่าน่ารัก ⏰️สวนเปิดทุกวัน ประมาณ 06.00-18.00 น', 'ข้อมูลติดต่อ', ' บ้านน้ำแรม 101 ม.4 ตำบลห้วยไร่ อำเภอเด่นชัย แพร่ 54110', '088-432-1835', '06.00-18.00 น.', '-.', 'https://maps.app.goo.gl/4tzG7EPq9nx8skJ37', 'https://www.google.com/maps/embed?pb=!1m18!1m12!1m3!1d3796.669016124557!2d100.05645827517685!3d17.90092368307652!2m3!1f0!2f0!3f0!3m2!1i1024!2i768!4f13.1!3m3!1m2!1s0x30d8d1dee059e4b7%3A0x645f172dd5db4202!2z4Liq4Lin4LiZ4LiU4Lit4LiB4LmE4Lih4LmJ4LiK4Liy4Lil4Li1!5e0!3m2!1sth!2sth!4v1745419083993!5m2!1sth!2sth', 'denchai', 'travel_db'),
(15, 'จุดเช็คอิน อำเภอสอง อำเภอเรื่อราวเกี่ยวกับตำนานชื่อดังของจังหวัดแพร่ ', '', '1745419466_song0.jpg', 'อุทยานลิลิตพระลอ', 'อนุสาวรีย์โศกนาฏกรรมความรักของพระลอ พระเพื่อน และพระแพง โดนธนูอาบยาพิษของเจ้าย่าในฉากที่ทั้งสามยืนอิงพิงกันตาย มีไก่แก้วที่ปู่เจ้าสมิงพรายใช้หลอกล่อพระลอให้รีบมาหาพระเพื่อน พระแพง รวมถึงมีถ้ำจำลองของปู่เจ้าสมิงพรายที่ภายในจัดแสดงภาพประติมากรรมฝาผนังเรื่องราวเกี่ยวกับวรรณคดีลิลิตพระลอ โดยส่วนใหญ่ผู้คนมักมาขอพรเรื่องความรักกับเจ้าปู่สมิงพรายและเมื่อสมหวังก็จะนำไก่มาบูชาเพื่อเป็นการแก้บน นอกจากนี้บริเวณด้านหน้าของอุทยานลิลิตพระลอยังมีอาคารแสดงประวัติและวัตถุโบราณที่ขุดพบในอุทยานฯ อีกด้วย', 'ข้อมูลติดต่อ', ' อุทยานลิลิตพระลอ ตำบล บ้านกลาง อำเภอสอง แพร่ 54120', '093-260-3373', '9:00–15:30 น', 'https://web.facebook.com/lilitphralorpark?_rdc=1&_rdr#', 'https://maps.app.goo.gl/nYahxdyzVu4rLdK79', 'https://www.google.com/maps/embed?pb=!1m14!1m8!1m3!1d7568.355278286767!2d100.1964883!3d18.4756111!3m2!1i1024!2i768!4f13.1!3m3!1m2!1s0x30d8f5d2cf3a05b9%3A0x462ac224b1203803!2z4LmA4Lin4Li14Lii4LiH4Lie4Lij4Liw4Lil4LitIENvZmZlZQ!5e0!3m2!1sth!2sth!4v1745419388612!5m2!1sth!2sth', 'song', 'travel_db'),
(16, '', '', NULL, 'อุทยานแห่งชาติแม่ยม', 'อุทยานแห่งชาติแม่ยม แหล่งท่องเที่ยวธรรมชาติที่มีชื่อเสียงมากที่สุดแห่งหนึ่งของ จังหวัดแพร่ ครอบคลุมพื้นที่ระหว่าง อำเภองาว จังหวัดลำปาง และ อำเภอสอง จังหวัดแพร่ ลักษณะภูมิประเทศเป็นเทือกเขาสูง และลาดลงมายังแม่น้ำยมที่ไหลผ่านระหว่างเทือกเขา ซึ่งเทือกเขาต่างๆ ภายในอุทยานฯ อย่าง ดอยหลวง ดอยยาว ดอยขุนห้วยแปะ และดอยโตน ต่างก็เป็นแหล่งกำเนิดของต้นน้ำสำคัญมากมาย เช่น น้ำแม่ปุง น้ำแม่ลำ น้ำแม่เต้น น้ำแม่สะกึ๋น เป็นต้น', 'ข้อมูลติดต่อ', 'ตำบล สะเอียบ อำเภอสอง แพร่ 54120', '054-556-537', ' 24 ชม.', 'https://web.facebook.com/p/%E0%B8%AD%E0%B8%B8%E0%B8%97%E0%B8%A2%E0%B8%B2%E0%B8%99%E0%B9%81%E0%B8%AB%E0%B9%88%E0%B8%87%E0%B8%8A%E0%B8%B2%E0%B8%95%E0%B8%B4%E0%B9%81%E0%B8%A1%E0%B9%88%E0%B8%A2%E0%B8%A1-Mae-Yom-National-Park-100068965602131/?_rdc=1&_rdr', 'https://maps.app.goo.gl/1S6mdkod1romD5qS8', 'https://www.google.com/maps/embed?pb=!1m18!1m12!1m3!1d3781.161717520699!2d100.15772067519389!3d18.611794582499513!2m3!1f0!2f0!3f0!3m2!1i1024!2i768!4f13.1!3m3!1m2!1s0x30d85d07457014f3%3A0x35266ebe3e7f51e!2z4Lit4Li44LiX4Lii4Liy4LiZ4LmB4Lir4LmI4LiH4LiK4Liy4LiV4Li04LmB4Lih4LmI4Lii4Lih!5e0!3m2!1sth!2sth!4v1745419566496!5m2!1sth!2sth', 'song', 'travel_db'),
(17, 'จุดเช็คอิน อำเภอวังชิ้น พื้นที่ที่มีธรรมชาติอุดมสมบูรณ์และมีสถานที่ท่องเที่ยวที่น่าสนใจหลายแห่', 'เป็นพื้นที่ที่มีธรรมชาติอุดมสมบูรณ์และมีสถานที่ท่องเที่ยวที่น่าสนใจหลายแห่ง นักท่องเที่ยวที่ชื่นชอบการผจญภัยและการสัมผัสธรรมชาติไม่ควรพลาดที่จะเยือนสถานที่', '1745419928_wangchin0.jpg', 'อุทยานแห่งชาติเวียงโกศัย', 'อยู่สูงจากระดับน้ำทะเล 1,267 เมตร มีหน้าผาสูงชั้นสลับซับซ้อนที่เป็นแหล่งกำเนิดของลำห้วยหลายสาย สภาพป่าของอุทยานเป็นป่าดิบแล้งและป่าเบญจพรรณ โดยความโดดเด่นและสวยงามที่ดึงดูดให้นักท่องเที่ยวมาเที่ยวที่นี่คือ น้ำตกที่สวยงามหลากหลายน้ำตกไม่ว่าจะเป็น น้ำตกแม่เกิ๋งหลวงและแม่เกิ๋งน้อย ที่น้ำไหลลดหลั่นมาเป็นชั้นๆ น้ำตกแม่สิน น้ำตกแม่จอก และน้ำตกแม่ป้าก ที่อยู่ไม่ไกลจากอุทยาน หากอยากมาสัมผัสความชุ่มฉ่ำที่เมืองแพร่ก็แนะนำให้มาที่อุทยานแห่งชาติเวียงโกศัย', 'ข้อมูลติดต่อ', ' อุทยานแห่งชาติเวียงโกศัย ต.แม่เกิ๋ง อ.วังชิ้น จ.แพร่ 54160', ' 081-030-8663', 'เปิดทุกวัน 8.00-16.30 น.', 'เปิดทุกวัน 8.00-16.30 น.', 'https://maps.app.goo.gl/bwWbNfvcj9gKM7BD6', 'https://www.google.com/maps/embed?pb=!1m18!1m12!1m3!1d3795.235407963223!2d99.59137217517839!3d17.96778148302175!2m3!1f0!2f0!3f0!3m2!1i1024!2i768!4f13.1!3m3!1m2!1s0x30d94a324a2c8b27%3A0xa00ffe1d8b535ad3!2z4Lit4Li44LiX4Lii4Liy4LiZ4LmB4Lir4LmI4LiH4LiK4Liy4LiV4Li04LmA4Lin4Li14Lii4LiH4LmC4LiB4Lio4Lix4Lii!5e0!3m2!1sth!2sth!4v1745419850480!5m2!1sth!2sth', 'wangchin', 'travel_db'),
(18, '', '', NULL, 'วัดชัยสิทธิ์พระธาตุขวยปู', '“พระธาตุขวยปู” ประดิษฐานอยู่ในบริเวณวัดชัยสิทธิ์ ตำบลแม่ป้าก อำเภอวังชิ้น จังหวัดแพร่ ซึ่งห่างจากตัวอำเภอเมืองแพร่ประมาณ 60 กิโลเมตร เดินทางไปตามถนน สายลอง-วังชิ้น ระหว่างทางนั้นเต็มไปด้วยต้นไม้ นานาชนิดเต็มสองข้างทาง ผ่านอำเภอลอง ผ่านแยกแม่แขม หลังจากผ่านแยกแม่แขมไปจะเต็มไปด้วยหมู่บ้าน และทุ่งนากว้างสุดลูกหูลูกตา จากแยกแม่แขมตรงมาอีกประมาณ 5 กิโลเมตร จะถึงหมู่บ้านแม่ป้าก ซึ่งเป็นที่ตั้งของวัดชัยสิทธิ์ หรือสถานที่ประดิษฐานของ “ธาตุขวยปู” บริเวณที่ตั้งของวัดติดกับถนนหลวง การเดินทางจึงสะดวกสบาย มีทุ่งนาอยู่ด้านหลังวัด มีภูเขาสูงตระหง่านอยู่บริเวณด้านหลังพระธาตุ ลมพัดเย็นสบาย บริเวณวัดสวยงาม ถูกตกแต่งด้วยไม้ดอกไม้ประดับไว้อย่างงดงาม และภายในบริเวณวัดดูสะอาดตา เพราะได้รับการดูแลเอาใจใส่จากชาวบ้านเป็นอย่างดี', 'ข้อมูลติดต่อ', ' วัดชัยสิทธิ์ ตำบล แม่ป้าก อำเภอวังชิ้น แพร่ 54160', '093-185-2261', '-.', 'https://web.facebook.com/watphrathatkhuaypu/?locale=th_TH&_rdc=1&_rdr#', 'https://maps.app.goo.gl/GUF9hbwfRvKi8pU17', 'https://www.google.com/maps/embed?pb=!1m18!1m12!1m3!1d3794.7846368295614!2d99.65269219999999!3d17.988754!2m3!1f0!2f0!3f0!3m2!1i1024!2i768!4f13.1!3m3!1m2!1s0x30d930a3b2d82003%3A0x16fff7128223ffb6!2z4Lin4Lix4LiU4LiK4Lix4Lii4Liq4Li04LiX4LiY4Li04LmM4Lie4Lij4Liw4LiY4Liy4LiV4Li44LiC4Lin4Lii4Lib4Li5!5e0!3m2!1sth!2sth!4v1745420052457!5m2!1sth!2sth', 'wangchin', 'travel_db'),
(19, '', '', NULL, 'บ่อน้ำพุร้อนแม่จอก', 'บ่อน้ำร้อนแม่จอก อยู่หมู่ที่ 5 บ้านแม่จอก ตำบลแม่ป้าก บ่อน้ำร้อนแม่จอกเป็นบ่อน้ำแร่กำมะถันที่มีความร้อนสูงถึง 80 องศา ในตอนเช้าจะมีหมอกควันที่เกิดจากไอน้ำลอยอยู่ ก่อให้เกิดทัศนียภาพที่สวยงาม บนเนื้อที่ 10 ไร่ ปัจจุบันองค์การบริหารส่วนตำบลแม่ป้าก ได้เข้ามาปรับปรุงบริหารบ่อน้ำร้อนแม่จอกให้เป็นสัดส่วน โดยจัดทำบ่อน้ำแร่สำหรับลวกไข่โดยเฉพาะหนึ่งบ่อ จัดทำเป็นลำรางน้ำแร่ต่อจากบ่อน้ำแม่จอกไปทั่วบริเวณตลอดทางเดินสำหรับแช่เท้า และจัดทำห้องอาบน้ำแร่แบบส่วนตัวแยกหญิงและชาย อย่างละ 5 ห้อง เก็บค่าบริการคนละ 50 บาท นอกจากนี้ยังมีนวดแผนโบราณ ร้านอาหาร และของที่ระลึกจำหน่าย เปิดบริการทุกวัน เวลา 08.00-20.00 น. สอบถามข้อมูล โทร. 0 5461 9160', 'ข้อมูลติดต่อ', ' ทางหลวงแผ่นดินหมายเลข 1023 (เดิม) ตำบล วังชิ้น อำเภอวังชิ้น แพร่ 54160', '054-619-160', 'เปิดบริการทุกวัน เวลา 08.00-20.00 น.', 'https://web.facebook.com/p/%E0%B8%9A%E0%B9%88%E0%B8%AD%E0%B8%99%E0%B9%89%E0%B8%B3%E0%B8%9E%E0%B8%B8%E0%B8%A3%E0%B9%89%E0%B8%AD%E0%B8%99%E0%B9%81%E0%B8%A1%E0%B9%88%E0%B8%88%E0%B8%AD%E0%B8%81-Meajok-Hot-Springs-100057187010288/?_rdc=1&_rdr', 'https://maps.app.goo.gl/Fk8XSoTaWhWXSsnq7', 'https://www.google.com/maps/embed?pb=!1m14!1m8!1m3!1d3795.0115655924797!2d99.6351012!3d17.9781989!3m2!1i1024!2i768!4f13.1!3m3!1m2!1s0x30d930b413372c9d%3A0x429385f75fab1fba!2z4Lia4LmI4Lit4LiZ4LmJ4Liz4Lie4Li44Lij4LmJ4Lit4LiZ4LmB4Lih4LmI4LiI4Lit4LiB!5e0!3m2!1sth!2sth!4v1745420198568!5m2!1sth!2sth', 'wangchin', 'travel_db'),
(20, 'จุดเช็คอิน อำเภอหนองม่วงไข่', '', '1745420495_nongmuangkhai0.jpg', 'คําแสนแกลอรี่', '\"บ้านสล่าเฮือนคำแสน\" ตั้งอยู่เลขที่ 251 หมู่ 4 บ้านวังหลวง ตำบลวังหลวง อำเภอหนองม่วงไข่ จังหวัดแพร่ “เฮือนคำแสน” เป็นหอศิลป์ขนาดเล็ก ภายในจัดแสดงศิลปะหลายรูปแบบ ไม่ว่าจะเป็นกิจกรรมต่าง ๆ และที่โดดเด่น คือ งานแกะสลักแนวพุทธศิลป์ จากช่างฝีมือท้องถิ่นที่มีเอกลักษณ์ จากแนวคิดที่อนุรักษ์ภูมิปัญญาฝีมือช่างพื้นบ้าน ให้คงอยู่และสืบทอด เพื่อให้เป็นแหล่งจัดแสดงผลงานศิลปะ เรียนรู้งานฝีมือด้านการแกะสลักแก่เยาวชนและผู้ที่สนใจ และยังเปิดให้นักท่องเที่ยวได้มาเยี่ยมชม สัมผัสศิลปะอันงดงามอีกแขนง จึงเกิดเป็นคำแสนแกลเลอรี่ โดยที่คำแสนแกลเลอรี่ ก่อตั้งเมื่อปี พ.ศ.2552 โดย\"สล่าอิทธิพล ปัญญาแฝง\"เพื่อให้เป็นแหล่งศึกษาหาความรู้ของเด็ก เยาวชนและผู้สนใจ', 'ข้อมูลติดต่อ', ' 251 หมู่ 4 บ้านวังหลวง ตำบล วังหลวง อำเภอ หนองม่วงไข่ แพร่ 54170', ' 084-6115074', 'ทุกวันตั้งแต่เวลา 08.00 – 17.00 น', 'https://web.facebook.com/khamsaen.gallery/?locale=th_TH&_rdc=1&_rdr#', 'https://maps.app.goo.gl/psgcbGoL7fNhnkj97', 'https://www.google.com/maps/embed?pb=!1m14!1m8!1m3!1d484896.3432599698!2d99.5946866!3d18.2900492!3m2!1i1024!2i768!4f13.1!3m3!1m2!1s0x30d8ec29c726bf07%3A0xbfceb6a4b4c0432f!2z4LiE4LmN4Liy4LmB4Liq4LiZ4LmB4LiB4Lil4Lit4Lij4Li14LmI!5e0!3m2!1sth!2sth!4v1745420453835!5m2!1sth!2sth', 'nongmuangkhai', 'travel_db'),
(21, '', '', NULL, 'หอศิลป์กำนันอรรถ', 'จุดเช็คอินที่แรก หากเราเข้าหมู่บ้านวังหลวงมาก็เจอเลย ป้ายหมู่บ้านซ้ายมือ พิพิธภัณฑ์ศิลปะแบบงานสิ่ว ภายในเต็มไปด้วยแกะสลักไม้สักทองและไม้ต่างๆนาๆ พุทธศิลป์รวมไปถึงงานตกแต่งบ้าน ซึ่งมีโรงงานใกล้ๆเป็น ศูนย์เรียนรู้ชุมชนแกะสลักอีกด้วย ', 'ข้อมูลติดต่อ', '99 ตำบล วังหลวง อำเภอ หนองม่วงไข่ แพร่ 54170', '089-853-0548', 'เปิดทุกวัน เวลา 8:30–18:00 น.', 'https://web.facebook.com/kamnunbannokgallery?_rdc=1&_rdr', 'https://maps.app.goo.gl/6yuopKP2NFp2gktcA', 'https://www.google.com/maps/embed?pb=!1m14!1m8!1m3!1d7576.637378814498!2d100.1672308!3d18.2870285!3m2!1i1024!2i768!4f13.1!3m3!1m2!1s0x30d8ef50b364d2af%3A0x3f5d7ef444829300!2z4Lir4Lit4Lio4Li04Lil4Lib4LmM4LiB4Liz4LiZ4Lix4LiZ4Lit4Lij4Lij4LiWIC0g4Lia4LmJ4Liy4LiZ4LiZ4Lit4LiB4LmB4LiB4Lil4Lit4Lij4Li14LmI!5e0!3m2!1sth!2sth!4v1745420560329!5m2!1sth!2sth', 'nongmuangkhai', 'travel_db'),
(22, '', '', NULL, 'คุ้มเจ้าหลวง', 'เป็นอาคารที่มีสถาปัตยกรรมสมัยรัชกาลที่ 5 เป็นแบบไทยผสมยุโรป หรือทรงขนมปังขิง ซึ่งในยุคนั้นอาคารทางขนมปังขิงเป็นที่นิยมอย่างมาก ปัจจุบันที่นี่เปิดเป็นพิพิธภัณฑ์การเรียนรู้ของนักเรียน นิสิต นักศึกษา และประชาชนทั่วไป ให้ได้ชมห้องต่างๆ ไม่ว่าจะเป็นห้องที่ไว้คุมขัง ข้าทาส บริวาร ที่กระทำความผิด คุ้มเจ้าหลวงมีความสวยงามของสถาปัตยกรรมแบบที่หากมาเที่ยวแพร่แล้ว ก็ไม่ควรพลาดแวะมาชม', 'ข้อมูลติดต่อ', ' 4 ถนนซอยคุ้มเดิม ตำบลในเวียง อำเภอเมืองแพร่ แพร่ 54000', '054-524-158', '8:30–16:30 น.', '-.', 'https://maps.app.goo.gl/Fm8TXrVvBimTyEqr6', 'https://www.google.com/maps/embed?pb=!1m18!1m12!1m3!1d3791.426382394649!2d100.13618667518261!3d18.144261882877903!2m3!1f0!2f0!3f0!3m2!1i1024!2i768!4f13.1!3m3!1m2!1s0x30d8c26f06b98a33%3A0x9104925132979ea2!2z4LiE4Li44LmJ4Lih4LmA4LiI4LmJ4Liy4Lir4Lil4Lin4LiH!5e0!3m2!1sth!2sth!4v1745459795926!5m2!1sth!2sth', 'mueangphrae', 'travel_db'),
(23, '', '', NULL, 'ถนนลอยฟ้าแพร่ หมายเลข 1343', 'ถนนลอยฟ้าแพร่ หมายเลข 1343 หรือหลายคนเรียกว่าถนนเทเลทับบี้ เป็นถนนที่มีทิวเขาเขียวสวยงามเป็นริ้วลายที่สวยงาม คล้ายถนนเส้นบ่อเส้นสันติสุข บ่อเกลือ น่าน ถนนเส้นนี้ตั้งอยู่หลังพระธาตุปูแจ ทอดยาวหลายกิโล ระหว่างทางมีทั้งที่พัก ลานกางเต้นท์ ร้านกาแฟให้แวะ สำหรับจุดที่สามารถมองเห็นวิวทิวเขาได้สวยงามที่สุด พิกัดจะอยู่ก่อนถึงไร่ลุงลอน ใครแวะมาเที่ยวหรือไปน่านต้องผ่านจังหวัดแพร่อยากมาถ่ายรูปถนนลอยฟ้าแพร่ ให้ปักหมุดมาที่ไร่ลุงลอน', 'ข้อมูลติดต่อ', '58X7+PM9 1343 ตำบล บ้านเวียง อำเภอ ร้องกวาง แพร่ 54140', '-.', ' เปิด 24 ชั่วโมง', '', 'https://maps.app.goo.gl/JtGNED825bFTXwX59', 'https://www.google.com/maps/embed?pb=!1m14!1m8!1m3!1d30321.849947068426!2d100.2781814!3d18.1992943!3m2!1i1024!2i768!4f13.1!3m3!1m2!1s0x30d895b5f6d5ac0b%3A0x2a7e445fd7cbd565!2z4LiI4Li44LiU4LiK4Lih4Lin4Li04LinIOC4geC4oS4zIOC4luC4meC4meC4peC4reC4ouC4n-C5ieC4siDguIgu4LmB4Lie4Lij4LmI!5e0!3m2!1sth!2sth!4v1746450308911!5m2!1sth!2sth', 'rongkwang', 'province');

-- --------------------------------------------------------

--
-- Table structure for table `travel_images`
--

CREATE TABLE `travel_images` (
  `id` int(11) NOT NULL,
  `travel_db_id` int(11) NOT NULL,
  `image_path` varchar(255) NOT NULL
) ENGINE=InnoDB DEFAULT CHARSET=utf8 COLLATE=utf8_general_ci;

--
-- Dumping data for table `travel_images`
--

INSERT INTO `travel_images` (`id`, `travel_db_id`, `image_path`) VALUES
(1, 1, '1745414966_watchorhae.jpg'),
(2, 1, '1745414966_watchorhae1.jpg'),
(3, 1, '1745414966_watchorhae2.jpg'),
(5, 2, '1745415150_kadkongkao.jpg'),
(6, 2, '1745415150_kadkongkao1.jpg'),
(7, 2, '1745415150_kadkongkao2.jpg'),
(8, 2, '1745415150_kadkongkao3.jpg'),
(9, 2, '1745415150_kadkongkao4.jpg'),
(10, 3, '1745415279_phaemuangphi.jpg'),
(11, 3, '1745415279_phaemuangphi1.jpg'),
(12, 3, '1745415279_phaemuangphi2.jpeg'),
(13, 3, '1745415279_phaemuangphi3.webp'),
(14, 4, '1745415419_wongburi.jpeg'),
(15, 4, '1745415419_wongburi1.jpg'),
(16, 4, '1745415419_wongburi2.jpg'),
(17, 5, '1745415573_phanangkhoicave.jpg'),
(18, 5, '1745415573_phanangkhoicave1.jpg'),
(19, 5, '1745415573_phanangkhoicave2.jpg'),
(20, 5, '1745415573_phanangkhoicave3.jpg'),
(21, 5, '1745415573_phanangkhoicave4.jpg'),
(22, 5, '1745415573_phanangkhoicave5.jpg'),
(23, 6, '1745416960_huairong1.jpg'),
(24, 6, '1745416960_huairong2.jpg'),
(25, 6, '1745416960_huairong3.jpg'),
(26, 6, '1745416960_huairong4.jpg'),
(27, 7, '1745417703_puchae.jpg'),
(28, 7, '1745417703_puchae1.jpg'),
(29, 7, '1745417703_puchae2.jpg'),
(30, 7, '1745417703_puchae3.jpg'),
(31, 7, '1745417704_puchae4.jpg'),
(32, 7, '1745417704_puchae5.jpg'),
(33, 8, '1745418010_baanpin.jpg'),
(34, 8, '1745418010_baanpin1.jpg'),
(35, 8, '1745418010_baanpin2.jpg'),
(36, 8, '1745418010_baanpin3.jpg'),
(37, 8, '1745418010_baanpin4.jpg'),
(38, 9, '1745418139_ancientcloth.jpg'),
(39, 9, '1745418139_ancientcloth1.jpg'),
(40, 9, '1745418139_ancientcloth2.jpg'),
(41, 9, '1745418139_ancientcloth3.jpg'),
(42, 9, '1745418139_ancientcloth4.jpg'),
(43, 10, '1745418261_doinoi.jpg'),
(44, 10, '1745418261_doinoi1.jpg'),
(45, 10, '1745418261_doinoi2.jpg'),
(46, 10, '1745418261_doinoi3.jpg'),
(47, 11, '1745418566_thatnoeng.jpg'),
(48, 11, '1745418566_thatnoeng1.jpg'),
(49, 11, '1745418566_thatnoeng2.jpg'),
(50, 11, '1745418566_thatnoeng3.jpg'),
(51, 11, '1745418566_thatnoeng4.jpg'),
(52, 12, '1745418751_banpong.jpg'),
(53, 12, '1745418751_banpong1.jpg'),
(54, 12, '1745418751_banpong2.jpg'),
(55, 12, '1745418751_banpong3.jpg'),
(56, 12, '1745418751_banpong4.jpg'),
(57, 13, '1745419007_suthon0.jpg'),
(58, 13, '1745419008_suthon1.jpg'),
(59, 13, '1745419008_suthon2.jpg'),
(60, 13, '1745419008_suthon3.jpg'),
(61, 13, '1745419008_suthon4.jpg'),
(62, 13, '1745419008_suthon5.jpg'),
(63, 13, '1745419008_suthon6.jpg'),
(64, 13, '1745419008_sutonmongkhonkiri.jpg'),
(65, 14, '1745419145_chaleeflowergarden.jpg'),
(66, 14, '1745419145_chaleeflowergarden1.jpg'),
(67, 14, '1745419145_chaleeflowergarden2.jpg'),
(68, 14, '1745419145_chaleeflowergarden3.jpg'),
(69, 14, '1745419145_chaleeflowergarden4.jpg'),
(70, 15, '1745419466_lilitphralo.jpg'),
(71, 15, '1745419466_lilitphralo1.jpg'),
(72, 15, '1745419467_lilitphralo2.jpg'),
(73, 15, '1745419467_lilitphralo3.jpg'),
(74, 15, '1745419467_lilitphralo4.jpg'),
(75, 16, '1745419639_maeyomnationalpark.jpg'),
(76, 16, '1745419639_maeyomnationalpark1.jpg'),
(77, 16, '1745419639_maeyomnationalpark2.jpg'),
(78, 16, '1745419639_maeyomnationalpark3.jpg'),
(79, 16, '1745419639_maeyomnationalpark4.jpg'),
(80, 17, '1745419928_wiangkosai.jpg'),
(81, 17, '1745419928_wiangkosai1.jpeg'),
(82, 17, '1745419928_wiangkosai2.jpg'),
(83, 17, '1745419928_wiangkosai3.jpeg'),
(84, 17, '1745419928_wiangkosai4.jpg'),
(85, 18, '1745420112_phrathatkhuaiphu.jpg'),
(86, 18, '1745420112_phrathatkhuaiphu1.jpg'),
(87, 18, '1745420112_phrathatkhuaiphu2.jpg'),
(88, 18, '1745420112_phrathatkhuaiphu3.jpg'),
(89, 19, '1745420270_maejokhotsprings.jpg'),
(90, 19, '1745420270_maejokhotsprings1.jpg'),
(91, 19, '1745420270_maejokhotsprings2.jpg'),
(92, 19, '1745420270_maejokhotsprings3.jpg'),
(93, 20, '1745420495_khamsaengallery.jpg'),
(94, 20, '1745420495_khamsaengallery1.jpg'),
(95, 20, '1745420495_khamsaengallery2.jpg'),
(96, 20, '1745420495_khamsaengallery3.jpg'),
(97, 20, '1745420495_khamsaengallery4.jpg'),
(98, 21, '1745420638_kamnanathart.jpg'),
(99, 21, '1745420638_kamnanathart1.jpg'),
(100, 21, '1745420638_kamnanathart2.jpg'),
(101, 21, '1745420638_kamnanathart3.jpg'),
(102, 22, '1745460507_khumchaoluang.jpg'),
(103, 22, '1745460507_khumchaoluang1.jpg'),
(104, 22, '1745460507_khumchaoluang2.jpg'),
(106, 22, '1745460507_khumjaoluang1.jpg'),
(107, 22, '1745460507_khumjaoluang3.jpg'),
(110, 23, '1746450379_skyway.jpg'),
(111, 23, '1746450379_skyway1.jpg'),
(112, 23, '1746450379_skyway2.jpg'),
(113, 23, '1746450379_skyway3.jpg'),
(114, 23, '1746450379_skyway4.jpg'),
(115, 23, '1746450379_skyway5.jpg');

-- --------------------------------------------------------

--
-- Table structure for table `users`
--

CREATE TABLE `users` (
  `id` int(11) NOT NULL,
  `firstname` varchar(255) DEFAULT NULL,
  `lastname` varchar(255) DEFAULT NULL,
  `email` varchar(255) DEFAULT NULL,
  `password` varchar(255) DEFAULT NULL,
  `urole` varchar(255) DEFAULT NULL
) ENGINE=InnoDB DEFAULT CHARSET=utf8 COLLATE=utf8_general_ci;

--
-- Dumping data for table `users`
--

INSERT INTO `users` (`id`, `firstname`, `lastname`, `email`, `password`, `urole`) VALUES
(1, 'nanthicha', 'kassawang', 'admin@gmail.com', '$2y$10$i/XNijVKGgkRDqKjY1/7tOCTNTpcYJmfqOKPjRhO5k4x2HHk7bAWK', 'admin'),
(2, 'nanthicha', 'kassawang', '65121807@g.cmru.ac.th', '$2y$10$YC9PrT0lvAiJ1SUq1TXGoeZu5.XA8yy6OQmqsvM76oQA4/9AdE6Aq', 'user'),
(4, 'jumjim', 'Kassawang', 'jumjim@g.cmru.ac.th', '$2y$10$8tldin3NwMG3DulznceOGuhp35dCj3i.nwOQ/sz4iqHNibDxAkMlG', 'user');

--
-- Indexes for dumped tables
--

--
-- Indexes for table `accommodation`
--
ALTER TABLE `accommodation`
  ADD PRIMARY KEY (`accommodation_id`);

--
-- Indexes for table `accommodation_images`
--
ALTER TABLE `accommodation_images`
  ADD PRIMARY KEY (`id`);

--
-- Indexes for table `province`
--
ALTER TABLE `province`
  ADD PRIMARY KEY (`id`);

--
-- Indexes for table `restaurant`
--
ALTER TABLE `restaurant`
  ADD PRIMARY KEY (`restaurant_id`);

--
-- Indexes for table `restaurant_images`
--
ALTER TABLE `restaurant_images`
  ADD PRIMARY KEY (`id`);

--
-- Indexes for table `travelprogram`
--
ALTER TABLE `travelprogram`
  ADD PRIMARY KEY (`travelprogram_id`);

--
-- Indexes for table `travelprogram_images`
--
ALTER TABLE `travelprogram_images`
  ADD PRIMARY KEY (`id`);

--
-- Indexes for table `travel_db`
--
ALTER TABLE `travel_db`
  ADD PRIMARY KEY (`travel_db_id`);

--
-- Indexes for table `travel_images`
--
ALTER TABLE `travel_images`
  ADD PRIMARY KEY (`id`);

--
-- Indexes for table `users`
--
ALTER TABLE `users`
  ADD PRIMARY KEY (`id`);

--
-- AUTO_INCREMENT for dumped tables
--

--
-- AUTO_INCREMENT for table `accommodation`
--
ALTER TABLE `accommodation`
  MODIFY `accommodation_id` int(11) NOT NULL AUTO_INCREMENT, AUTO_INCREMENT=10;

--
-- AUTO_INCREMENT for table `accommodation_images`
--
ALTER TABLE `accommodation_images`
  MODIFY `id` int(11) NOT NULL AUTO_INCREMENT, AUTO_INCREMENT=59;

--
-- AUTO_INCREMENT for table `province`
--
ALTER TABLE `province`
  MODIFY `id` int(11) NOT NULL AUTO_INCREMENT, AUTO_INCREMENT=10;

--
-- AUTO_INCREMENT for table `restaurant`
--
ALTER TABLE `restaurant`
  MODIFY `restaurant_id` int(11) NOT NULL AUTO_INCREMENT, AUTO_INCREMENT=10;

--
-- AUTO_INCREMENT for table `restaurant_images`
--
ALTER TABLE `restaurant_images`
  MODIFY `id` int(11) NOT NULL AUTO_INCREMENT, AUTO_INCREMENT=60;

--
-- AUTO_INCREMENT for table `travelprogram`
--
ALTER TABLE `travelprogram`
  MODIFY `travelprogram_id` int(11) NOT NULL AUTO_INCREMENT, AUTO_INCREMENT=29;

--
-- AUTO_INCREMENT for table `travelprogram_images`
--
ALTER TABLE `travelprogram_images`
  MODIFY `id` int(11) NOT NULL AUTO_INCREMENT, AUTO_INCREMENT=124;

--
-- AUTO_INCREMENT for table `travel_db`
--
ALTER TABLE `travel_db`
  MODIFY `travel_db_id` int(11) NOT NULL AUTO_INCREMENT, AUTO_INCREMENT=24;

--
-- AUTO_INCREMENT for table `travel_images`
--
ALTER TABLE `travel_images`
  MODIFY `id` int(11) NOT NULL AUTO_INCREMENT, AUTO_INCREMENT=116;

--
-- AUTO_INCREMENT for table `users`
--
ALTER TABLE `users`
  MODIFY `id` int(11) NOT NULL AUTO_INCREMENT, AUTO_INCREMENT=5;
COMMIT;

/*!40101 SET CHARACTER_SET_CLIENT=@OLD_CHARACTER_SET_CLIENT */;
/*!40101 SET CHARACTER_SET_RESULTS=@OLD_CHARACTER_SET_RESULTS */;
/*!40101 SET COLLATION_CONNECTION=@OLD_COLLATION_CONNECTION */;
